candidate_id,source_kind,source_name,source_url,registration_urls,title_hint,provider_hint,venue_hint,postal_hint,area_hints,date_hints,time_hints,cost_hints,age_hints,topic_hints,excerpt_or_notes,missing_for_ckb,priority_score,review_decision,reviewed_at,reviewed_by,review_notes
SOC-f6ab1381a64a,public_telegram_candidate,OneBoonLay,https://t.me/oneboonlay/3953,https://t.me/oneboonlay/3953,👀 See Better. 👂 Hear Better. 😁 Eat Better.,OneBoonLay,,640625,Jurong West,17 October 2026,9.00am | 1.00pm | 12.30pm,FREE,aged 60,community | arts | performances | workshops | youth,"👀 See Better. 👂 Hear Better. 😁 Eat Better. Good health starts with regular screening. If you're aged 60 and above, take this opportunity to check your vision, hearing, and oral health. 📍 Venue Boon Lay Zone J RN 625 Jurong West St61 #01-161 Singapore 640625 📅 Date 17 October 2026",verified_at | verified_by | planning_area | beginner_friendly | join_alone_ok | guest_allowed,13,,,,
WEB-nanyang-dance-fitness-2026,public_web_candidate,People's Association / Nanyang CC,https://www.onepa.gov.sg/events/nanyang-csn-dance-fitness-2026-11967588,https://www.onepa.gov.sg/events/nanyang-csn-dance-fitness-2026-11967588,Nanyang CSN Dance Fitness 2026,People's Association / Nanyang CC,,649040,Jurong West,23 June 2026 | 29 September 2026,Tuesdays 7:30 PM-8:30 PM,Free,suitable for everyone,dance | fitness | beginner-friendly,"Official event page lists a free Tuesday dance-fitness session at Nanyang CC on Jurong West Street 91, 7:30–8:30 pm through 29 September 2026, described as suitable for everyone.",verified_at | verified_by | planning_area | beginner_friendly | join_alone_ok | guest_allowed,13,,,,
SOC-0aba77286349,public_telegram_candidate,Bishan Connects,https://t.me/bishancc/1165,https://t.me/bishancc/1165 | https://go.gov.sg/mlbb-btpmm | https://go.gov.sg/btpmmynpmc,🎉 One day. Endless fun. Great company.,Bishan Connects,,,Bishan,6 September 2026,10AM | 4PM,$8,all ages,arts | sport | workshops | youth | community,"🎉 One day. Endless fun. Great company. Get ready for Play, Move, Connect, a community event packed with exciting activities for all ages! Whether you're coming with family, friends, or neighbours, there's something for everyone to enjoy. ✨ Expect: 🏀 Sports challenges 🎯 Laser Tag ",verified_at | verified_by | planning_area | beginner_friendly | join_alone_ok | guest_allowed,11,,,,
SOC-132a9448c4e5,public_telegram_candidate,BAGUS Together,https://t.me/bagustogether/647,https://t.me/bagustogether/647 | https://www.instagram.com/bbbcoding/ | https://www.instagram.com/theismailisea/ | https://tally.so/r/rjLWOv,Calling all Youth! Have you ever wanted to learn how to code but didn't know where to start?,BAGUS Together,,,Punggol,15 August,9:30am | 12:30pm,free,aged 13–22,youth | coding | volunteering | cycling | community,"Calling all Youth! Have you ever wanted to learn how to code but didn't know where to start? Bit by Bit Coding, Singapore's youth-led groundup dedicated to making advanced coding education accessible to everyone, is offering free beginner-friendly Python programming workshops for",verified_at | verified_by | planning_area | beginner_friendly | join_alone_ok | guest_allowed,11,,,,
SOC-1a48df5e00a0,public_telegram_candidate,Alpha Fitness Workouts,https://t.me/alphaworkout/992,https://forms.gle/YPCEj8AuEn58QMTj9 | https://t.me/alphaworkout/992,Want to challenge yourself and burn some calories? 🛞,Alpha Fitness Workouts,,,Punggol,1 March 2026,2pm,Free,age 18,fitness | dance | sport,"Want to challenge yourself and burn some calories? 🛞 Form a team of 4 (mixed, all-male or all-female) and take on the ✨PROSPERITY 8 FITNESS CHALLENGE✨ Fun, fierce and full of festive energy! Race through 8 stations as a squad: each member must complete at least two stations. When",verified_at | verified_by | planning_area | beginner_friendly | join_alone_ok | guest_allowed,11,,,,
SOC-1b7c8e335e25,public_telegram_candidate,Taman Jurong Kakis,https://t.me/TamanJurongCC/1001,https://t.me/TamanJurongCC/1001 | http://go.gov.sg/tjvitalis,💪 Age is just a number—let's get moving!,Taman Jurong Kakis,,,Jurong West,20 September 2026 | 16 September 2026,10.00am | 1.00pm,$10.00,aged 50,community | performances | workshops | wellbeing,"💪 Age is just a number—let's get moving! 🏃 Team up with with family or friend and take on the *Taman Jurong Vitalis 2026* - A Senior Fitness Challenge! 🏃‍♀️ Enjoy an exciting morning of fitness, laughter and teamwork! 📅 Date: 20 September 2026, Sunday 🕙 Time: 10.00am to 1.00pm 📍 ",verified_at | verified_by | planning_area | beginner_friendly | join_alone_ok | guest_allowed,11,,,,
SOC-5c196e0d4f87,public_telegram_candidate,Taman Jurong Kakis,https://t.me/TamanJurongCC/987,https://t.me/TamanJurongCC/987 | http://go.gov.sg/tcjt,🛕✨ Temple & Changi Jewel Tour ✨🛕,Taman Jurong Kakis,,,Jurong West,27 September 2026,8.30am | 1.45pm | 9.00am | 10am | 6pm,$5,all ages,community | performances | workshops | wellbeing,"🛕✨ Temple & Changi Jewel Tour ✨🛕 Step out of the everyday and embark on a delightful day trip with your neighbours! From the iconic Loyang Temple to the breathtaking beauty of Changi Jewel's Canopy Park, this tour promises a wonderful blend of culture, discovery, and fun for all ",verified_at | verified_by | planning_area | beginner_friendly | join_alone_ok | guest_allowed,11,,,,
SOC-6a15403a2b14,public_telegram_candidate,Taman Jurong Kakis,https://t.me/TamanJurongCC/959,https://t.me/TamanJurongCC/959 | http://go.gov.sg/tjgameon,Looking for a fun way to spend your evenings? 🌟,Taman Jurong Kakis,,,Jurong West,17 Jul | 21 Jul | 4 Aug,8.00 PM,$2,Ages 7–12,community | performances | workshops | wellbeing,"Looking for a fun way to spend your evenings? 🌟 Come join Project Game On! Learn the basics of floorball, make new friends, and enjoy exciting games in a safe and welcoming environment. No experience needed! 📅 17 Jul | 21 Jul | 4 Aug 📍 Taman Jurong CC Hall (Level 2) ⏰ 5.30–8.00 P",verified_at | verified_by | planning_area | beginner_friendly | join_alone_ok | guest_allowed,11,,,,
SOC-91cb923a5111,public_telegram_candidate,Bishan Connects,https://t.me/bishancc/1139,https://t.me/bishancc/1139,🧶✨ Bishan Youth Network Introduces Crochet Classes for Kids! ✨🧶,Bishan Connects,,,Bishan,16 August | 20 September 2026,2.30pm | 3.30pm,$8,aged 7–12,arts | sport | workshops | youth | community,"🧶✨ Bishan Youth Network Introduces Crochet Classes for Kids! ✨🧶 Looking for a fun and creative activity for your little ones? Let them learn the art of crochet while making new friends and meaningful memories! 💙 👧🧒 Who: Kids aged 7–12 📍 Where: Bishan CC (Lecture Room 2, Level 3) ",verified_at | verified_by | planning_area | beginner_friendly | join_alone_ok | guest_allowed,11,,,,
SOC-9e5207ac2f21,public_telegram_candidate,Bishan Connects,https://t.me/bishancc/1171,https://t.me/bishancc/1171,🚀 Discover the Leader in YOU! 🚀,Bishan Connects,,,Bishan,9 September,9AM | 5PM,FREE,youths aged 17–24,arts | sport | workshops | youth | community,"🚀 Discover the Leader in YOU! 🚀 Calling all youths aged 17–24! 🌟 Ready to build confidence, discover your strengths and take charge of your future? Join us for Discovering The Leader In Me®, a FREE 2-day programme powered by The 7 Habits of Highly Effective Teens®. 📅 8 & 9 Septem",verified_at | verified_by | planning_area | beginner_friendly | join_alone_ok | guest_allowed,11,,,,
SOC-d587eafb4b77,public_telegram_candidate,Bishan Connects,https://t.me/bishancc/1160,https://t.me/bishancc/1160,🌻 FREE Health Screening for Seniors! 🌻,Bishan Connects,,,Bishan,22 August 2026,9.00am | 1.00pm,FREE,aged 60,arts | sport | workshops | youth | community,"🌻 FREE Health Screening for Seniors! 🌻 Your health matters, and we're here to help! 💙 If you're aged 60 and above, join us for HealthBridge 2026 and enjoy a FREE health screening with expert healthcare partners. 📅 Date: Saturday, 22 August 2026 🕘 Time: 9.00am – 1.00pm 📍 Venue: Bi",verified_at | verified_by | planning_area | beginner_friendly | join_alone_ok | guest_allowed,11,,,,
WEB-bishan-sport-centre,public_web_candidate,Sport Singapore (ActiveSG),https://www.activesgcircle.gov.sg/facilities/bishan-sport-centre,https://activesg.gov.sg/passes,ActiveGYM session at Bishan Sport Centre,Sport Singapore (ActiveSG),,579783,Bishan,,Daily 7am-10pm,Student entry rate requires confirmation,aged 12 and above,gym | fitness | self-guided,Official facility page lists Bishan Sport Centre at 5 Bishan Street 14 as open daily 7 am–10 pm with no current closure announcement; gym eligibility and rates require confirmation.,verified_at | verified_by | planning_area | beginner_friendly | join_alone_ok | guest_allowed,11,,,,
WEB-jw-gym,public_web_candidate,Sport Singapore (ActiveSG),https://www.activesgcircle.gov.sg/facilities/jurong-west-sport-centre,https://activesg.gov.sg/passes,ActiveGYM session at Jurong West Sport Centre,Sport Singapore (ActiveSG),,648965,Jurong West,,Daily facility hours require confirmation,Student entry rate requires confirmation,aged 12 and above,gym | fitness | self-guided,"Official facility and pass pages provide a Jurong West gym option; eligibility, student rate, opening hours and current availability require final confirmation.",verified_at | verified_by | planning_area | beginner_friendly | join_alone_ok | guest_allowed,11,,,,
WEB-jw-swim,public_web_candidate,Sport Singapore (ActiveSG),https://www.activesgcircle.gov.sg/facilities/jurong-west-sport-centre,https://activesg.gov.sg/passes,Recreational swim at Jurong West Swimming Complex,Sport Singapore (ActiveSG),,648965,Jurong West,,Operating hours require confirmation,Child entry rate requires confirmation,ages 1-17,swimming | sport | self-guided,Official facility and pass pages provide recreational swimming at Jurong West; current child entry rates and operating hours require final confirmation.,verified_at | verified_by | planning_area | beginner_friendly | join_alone_ok | guest_allowed,11,,,,
SOC-018834cf70a1,public_telegram_candidate,Gek Poh Central Residents' Network,https://t.me/gekpohcentral/864,https://t.me/gekpohcentral/864 | https://go.gov.sg/jsgp260926,🌕 Jurong Spring - Gek Poh Mid-Autumn Festival 2026 🏮,Gek Poh Central Residents' Network,,260926,Jurong West,26 Sep 2026,6.00pm | 10.00pm | 5.30pm,$2,,arts | sport | workshops | community,"🌕 Jurong Spring - Gek Poh Mid-Autumn Festival 2026 🏮 Join us for an exciting Mid-Autumn night filled with magic, game booths, stage performances, a lucky draw, and our signature Lantern Procession with LED Lions & Dragons! 🗓 26 Sep 2026 (Sat) | 6.00pm – 10.00pm 📍 Jurong Spring CC",verified_at | verified_by | planning_area | age_min | age_max | beginner_friendly | join_alone_ok | guest_allowed,10,,,,
SOC-c35413ee5e05,public_telegram_candidate,Gek Poh Central Residents' Network,https://t.me/gekpohcentral/842,http://go.gov.sg/govbenefits-gstv | https://t.me/gekpohcentral/842,📢 PSA: GSTV – Cash payout will be disbursed from 7 August 2026.,Gek Poh Central Residents' Network,,,Jurong West,7 August 2026,,$850 | $450,aged 65,arts | sport | workshops | community,📢 PSA: GSTV – Cash payout will be disbursed from 7 August 2026. Eligible Singaporeans will receive up to $850 that will help with daily living expenses. Eligible seniors aged 65 and above will also receive a GSTV – MediSave top-up of up to $450. 🔎 Check your eligibility and find ,verified_at | verified_by | planning_area | beginner_friendly | join_alone_ok | guest_allowed,10,,,,
SOC-d18a467f7098,public_telegram_candidate,OneBoonLay,https://t.me/oneboonlay/3952,https://t.me/oneboonlay/3952 | https://go.gov.sg/bl-wcgrc-merku-udayam-2026,Boon Lay CC IAEC presents:,OneBoonLay,,609335,Jurong West,3 October 2026,2.00pm | 6.00pm | 1.45pm | 1:15pm,$5,,community | arts | performances | workshops | youth,"Boon Lay CC IAEC presents: Merku Udayam 2026 – An Indian Cultural Explosion! 🎉✨ Come join us for an exciting afternoon filled with vibrant cultural performances, delicious packed food, fun games and activities, flea market shopping, snacks and a lucky draw! 💃🎶🛍️🍴🎁 📅 Saturday, 3 O",verified_at | verified_by | planning_area | age_min | age_max | beginner_friendly | join_alone_ok | guest_allowed,10,,,,
SOC-d892880c2119,public_telegram_candidate,NParks Buzz,https://t.me/nparksbuzz/2602,http://go.gov.sg/paws-in-the-city | https://t.me/nparksbuzz/2602,Paws in the City is tomorrow! 🐾,NParks Buzz,,078881,Jurong West | Punggol | Bishan,29 August 2026,11am | 8pm,$10 | free,,nature | walking | gardening | volunteering,Paws in the City is tomorrow! 🐾 Here's what's waiting for you: 🐾 Adoption Drives — Meet animals from AVS and animal groups looking for their forever homes 🛍️ Pet Marketplace — Treat your furry friend (or yourself) to something special 🐕 Chat with an AVS Dog Trainer — Get practica,verified_at | verified_by | planning_area | age_min | age_max | beginner_friendly | join_alone_ok | guest_allowed,10,,,,
SOC-f584e7282183,public_telegram_candidate,BAGUS Together,https://t.me/bagustogether/650,https://t.me/bagustogether/650 | https://go.gov.sg/nyc-yag-osg | https://go.gov.sg/yag-nyc-factsheet,🚀 Ready to take action to greater heights?,BAGUS Together,,,Punggol,31 October 2026 | 25 July | 31 August 2026,,$70,youths aged 15 to 35,youth | coding | volunteering | cycling | community,"🚀 Ready to take action to greater heights? The Youth Action Grant (YAG) by National Youth Council is here for you! Successful applicants may be awarded with funding of up to $70,000 to bring your groundup initiative, a community project, or a brilliant idea to life! This is YOUR ",verified_at | verified_by | planning_area | beginner_friendly | join_alone_ok | guest_allowed,10,,,,
WEB-bishan-swim,public_web_candidate,Sport Singapore (ActiveSG),https://www.activesgcircle.gov.sg/facilities/swimming-pools,https://activesg.gov.sg/passes,Recreational swim at Bishan Swimming Complex,Sport Singapore (ActiveSG),,579778,Bishan,,,Current entry rate requires confirmation,all ages,swimming | sport | self-guided,"Official ActiveSG pool directory lists Bishan Swimming Complex at 1 Bishan Street 14; current rates, opening hours and closures require confirmation.",verified_at | verified_by | planning_area | beginner_friendly | join_alone_ok | guest_allowed,10,,,,
SOC-088d11fc156e,public_telegram_candidate,Taman Jurong Kakis,https://t.me/TamanJurongCC/984,https://t.me/TamanJurongCC/984 | http://go.gov.sg/merku2026-tj | http://go.gov.sg/merku2026-flea,🌟Merku Udayam 2026🌟,Taman Jurong Kakis,,,Jurong West,3 October 2026,2 pm | 6 pm,,all ages,community | performances | workshops | wellbeing,"🌟Merku Udayam 2026🌟 Immerse yourself in the vibrant spirit of our multicultural community! Enjoy captivating Indian cultural performances, traditional games, interactive fringe activities, attractive lucky draw prizes, and many more fun-filled experiences for all ages. Bring your",verified_at | verified_by | cost_one_off_sgd | planning_area | beginner_friendly | join_alone_ok | guest_allowed,9,,,,
SOC-15eeb6e194a0,public_telegram_candidate,Taman Jurong Kakis,https://t.me/TamanJurongCC/965,https://t.me/TamanJurongCC/965 | https://go.gov.sg/tjcsn-lts11,🌊 Our Learn to Swim program is now open for registration!,Taman Jurong Kakis,,,Jurong West,31 July 2026 | 16 October 2026,5.15pm | 6.00pm,,age 2 years old,community | performances | workshops | wellbeing,🌊 Our Learn to Swim program is now open for registration! Register Now: https://go.gov.sg/tjcsn-lts11 Date: 31 July 2026 to 16 October 2026 (Every Friday) Time / Age: 5.15pm - 5 yrs old & above (45 minutes) 6.00pm - 5 yrs old & above (45 minutes) Venue: ActiveSG Park @ Jurong Lak,verified_at | verified_by | cost_one_off_sgd | planning_area | beginner_friendly | join_alone_ok | guest_allowed,9,,,,
SOC-1834a43eb171,public_telegram_candidate,OPEN JIO,https://t.me/OpenJio/2034,https://t.me/OpenJio/2034 | http://tiny.cc/kitaplayback15aug,Seasons of…”: A Playback Theatre Performance by Kaya Toast Playback Group and [X] by Kita,OPEN JIO,,,,15 Aug 2026,7.30pm | 9pm,$5,age 18-35,youth | books | arts | community | wellbeing,"Seasons of…”: A Playback Theatre Performance by Kaya Toast Playback Group and [X] by Kita What does the different seasons mean? Seasons of choosing, letting go, of being and becoming. Seasons of love, of silence, and of waiting, seasons of coming and going, and of being enough✨ P",verified_at | verified_by | planning_area | beginner_friendly | join_alone_ok | guest_allowed,9,,,,
SOC-25186fe2adf3,public_telegram_candidate,Bishan Connects,https://t.me/bishancc/1158,https://t.me/bishancc/1158,🏓 Ready to Pick Up Pickleball?,Bishan Connects,,,Bishan,2 Oct | 20 Nov 2026 | 27 Nov | 18 Dec 2026,10am | 11:30am | 1pm,,aged 60–75,arts | sport | workshops | youth | community,🏓 Ready to Pick Up Pickleball? Calling all seniors aged 60–75! Join our Pickleball Clinic for Seniors and learn the basics of this fun and easy-to-pick-up sport in a friendly environment. No prior experience needed! 😊 📅 Clinic Sessions: 2 Oct – 20 Nov 2026 (8 sessions) 🏓 Practice,verified_at | verified_by | cost_one_off_sgd | planning_area | beginner_friendly | join_alone_ok | guest_allowed,9,,,,
SOC-482f90d16d60,public_telegram_candidate,OPEN JIO,https://t.me/OpenJio/2042,https://t.me/OpenJio/2042 | http://tiny.cc/thesamepage30aug,🇸🇬🎲 Page Two: Singapore — Lived Realities,OPEN JIO,,,,30 August 2026,6pm,Free,aged 18,youth | books | arts | community | wellbeing,"🇸🇬🎲 Page Two: Singapore — Lived Realities What does it mean to live, grow and belong in Singapore? This National Day season, The Same Page invites you to explore that question through Singapore-made board games, stories and conversations with others from different backgrounds. Be",verified_at | verified_by | planning_area | beginner_friendly | join_alone_ok | guest_allowed,9,,,,
SOC-55c6003b15dc,public_telegram_candidate,Gek Poh Central Residents' Network,https://t.me/gekpohcentral/854,https://for.sg/nuhs-fs-interest | https://t.me/gekpohcentral/854,"SEE, HEAR & EAT Better!",Gek Poh Central Residents' Network,,,Jurong West,22 Aug 2026,9am | 1pm,,aged 60,arts | sport | workshops | community,"SEE, HEAR & EAT Better! NTUC Health & NUHS will be having a Functional screening for seniors aged 60 and above. Venue: Blk 751 AAC (Gek Poh) Date: 22 Aug 2026 Time: 9am - 1pm Sign up at https://for.sg/nuhs-fs-interest",verified_at | verified_by | cost_one_off_sgd | planning_area | beginner_friendly | join_alone_ok | guest_allowed,9,,,,
SOC-7b16ed801496,public_telegram_candidate,Bishan Connects,https://t.me/bishancc/1169,https://t.me/bishancc/1169,💰✨ Money Smarts Start Young!,Bishan Connects,,,Bishan,29 August 2026,10am | 12pm,,aged 9 years old,arts | sport | workshops | youth | community,"💰✨ Money Smarts Start Young! How well does your child understand money? Give them a head start with our Financial Literacy Workshop by Project SharkFin! 🐷💡 Designed for primary school children aged 9 years old & above (P3–P6), this fun and engaging workshop will cover: ✅ Needs vs",verified_at | verified_by | cost_one_off_sgd | planning_area | beginner_friendly | join_alone_ok | guest_allowed,9,,,,
SOC-86b8aef983a5,public_telegram_candidate,OPEN JIO,https://t.me/OpenJio/2060,https://t.me/OpenJio/2060 | http://tiny.cc/flourishingsoar,Flourishing 3.0 by SOAR SG,OPEN JIO,,,,19 Sept | 28 Nov 2026 | 12 Sept,10am | 12pm,$60 | $30,youths (aged 15-24,youth | books | arts | community | wellbeing,"Flourishing 3.0 by SOAR SG What can we do to thrive, build meaningful connections, and ground ourselves through life's transitions?🤔 Flourishing 3.0 is an evidence-informed mental health workshops rooted in the Recovery College model. Built around co-production, this workshops br",verified_at | verified_by | planning_area | beginner_friendly | join_alone_ok | guest_allowed,9,,,,
SOC-8b21de84d1ff,public_telegram_candidate,OPEN JIO,https://t.me/OpenJio/2061,http://tiny.cc/rhrnyouth | http://tiny.cc/rhrnadult | https://t.me/OpenJio/2061,"Rights Here, Right Now!",OPEN JIO,,,,4 September | 12 September,3.00pm | 5.00pm | 10.30am | 12.30pm,FOC,Youths (Aged 13-21,youth | books | arts | community | wellbeing,"Rights Here, Right Now! Want to learn more about children's rights? 💪🏻This event’s premise believes that every child has rights. The right to be heard and to feel safe enough to speak up🤝 Through games, activities and discussion, the events will explore: ✨ What children and youth",verified_at | verified_by | planning_area | beginner_friendly | join_alone_ok | guest_allowed,9,,,,
SOC-abf25af017b6,public_telegram_candidate,BAGUS Together,https://t.me/bagustogether/644,https://t.me/bagustogether/644 | https://go.gov.sg/sgyouthforum-2026,📣 Curious to learn more about BAGUS Together and NVPC?,BAGUS Together,,,Punggol,25 Jul | 24 July,10.30am,,all ages,youth | coding | volunteering | cycling | community,"📣 Curious to learn more about BAGUS Together and NVPC? Come visit us at the SG Youth Forum this Saturday! 📅 Sat, 25 Jul ⌚️ From 10.30am 📍 Suntec Convention Centre, Engage Theatre 2 (Halls 401–402) Drop by our Marketplace booth to chat with us. Find out how we can support your gro",verified_at | verified_by | cost_one_off_sgd | planning_area | beginner_friendly | join_alone_ok | guest_allowed,9,,,,
SOC-d5011f31723c,public_telegram_candidate,Home of Team Nila,https://t.me/teamnila/1000,https://t.me/teamnila/1000 | https://go.gov.sg/activesgcelebrates-bedok-tn | https://go.gov.sg/activesgcelebrates-jurongeast-tn | https://go.gov.sg/activesgcelebrates-woodlands-tn | https://go.gov.sg/activesgcelebrates-hougang-tn | https://go.gov.sg/activesgcelebrates-queenstown-tn,[Volunteer Opportunity],Home of Team Nila,,,Punggol,8 Aug,7am | 2pm | 3pm | 9pm,,all ages,sport | volunteering | youth,"[Volunteer Opportunity] 🎪 ActiveSG Celebrates! In celebration of Singapore's National Day, ActiveSG will be organising 5 Sport Carnivals held across 5 Sport Centres. These carnivals are packed with a wide variety of fun-filled sports and recreational activities suitable for parti",verified_at | verified_by | cost_one_off_sgd | planning_area | beginner_friendly | join_alone_ok | guest_allowed,9,,,,
WEB-bishan-nature-walk,public_web_candidate,NParks,https://www.nparks.gov.sg/visit/parks/bishan-ang-mo-kio-park/activities,,Self-guided nature walk at Bishan-Ang Mo Kio Park,NParks,,,Bishan,,About 2 hours or 1 hour per area,Free of charge,family-oriented,nature | walking | photography | self-guided,"Official NParks guide describes a free, easy, self-guided 6 km walk through the Pond Gardens and River Plains, with shorter one-area options.",verified_at | verified_by | planning_area | beginner_friendly | join_alone_ok | guest_allowed,9,,,,
WEB-jurong-central-board-games,public_web_candidate,NParks,https://www.nparks.gov.sg/visit/parks/park-detail/jurong-central-park,,Life-sized board games at Jurong Central Park,NParks,,,Jurong West,,Open 24 hours,Free public park,whole family,games | park | chill | self-guided,Official park page lists a Ludo Garden and life-sized board-game features; the park is open 24 hours near Boon Lay MRT.,verified_at | verified_by | planning_area | beginner_friendly | join_alone_ok | guest_allowed,9,,,,
WEB-luggage-market,public_web_candidate,The Luggage Market,https://www.booktlm.com/,,Browse The Luggage Market at Aperia Mall,The Luggage Market,,339511,Kallang,,Sundays 11am-6pm,Free visitor admission,all ages,thrifting | sustainable fashion | market | self-guided,"The organiser lists a weekly Sunday thrift market at Aperia Mall Level 1, 12 Kallang Avenue, with more than 60 booths and secondhand fashion for visitors to browse.",verified_at | verified_by | planning_area | beginner_friendly | join_alone_ok | guest_allowed,9,,,,
SOC-02f94b8b0b51,public_telegram_candidate,Taman Jurong Kakis,https://t.me/TamanJurongCC/998,https://t.me/TamanJurongCC/998,Looking for job opportunities closer to home? 💼🏠,Taman Jurong Kakis,,649882,Jurong West,4 September 2026,10.00am | 4.00pm,,,community | performances | workshops | wellbeing,"Looking for job opportunities closer to home? 💼🏠 Join us at the South West Community Job Fair @ Boon Lay CC and meet employers face-to-face! 📅 3–4 September 2026 (Thursday and Friday) ⏰ 10.00am–4.00pm 📍 Boon Lay Community Club, Level 1 Multi-Purpose Hall 10 Boon Lay Place, Singap",verified_at | verified_by | cost_one_off_sgd | planning_area | age_min | age_max | beginner_friendly | join_alone_ok | guest_allowed,8,,,,
SOC-033699af6f53,public_telegram_candidate,Taman Jurong Kakis,https://t.me/TamanJurongCC/1000,https://t.me/TamanJurongCC/1000 | http://go.gov.sg/tjdearyou,"🎬 Due to overwhelming response, we are adding an additional screening of Dear You 给阿嫲的情书!",Taman Jurong Kakis,,,Jurong West,5 September 2026,1.30pm | 5.00pm,$3,,community | performances | workshops | wellbeing,"🎬 Due to overwhelming response, we are adding an additional screening of Dear You 给阿嫲的情书! Catch the hit Teochew movie with us at Golden Village Jurong Point! 📅 Saturday, 5 September 2026 🕑 1.30pm – 5.00pm 📍 Gather at Taman Jurong CC Transport will be provided from Taman Jurong CC",verified_at | verified_by | planning_area | age_min | age_max | beginner_friendly | join_alone_ok | guest_allowed,8,,,,
SOC-1018b7f59063,public_telegram_candidate,OneBoonLay,https://t.me/oneboonlay/3962,https://t.me/oneboonlay/3962,🌱 Boon Lay AWN Outing: Farm Tour! 🥦✨,OneBoonLay,,,Jurong West,5 September 2026,8:00 AM | 1:00 PM,$3.00,,community | arts | performances | workshops | youth,🌱 Boon Lay AWN Outing: Farm Tour! 🥦✨ ​Join us for a fun morning out exploring Kok Fah Technology Farm and World Farm @ Sungei Tengah! ​📅 Date: 5 September 2026 (Saturday) ⏰ Time: 8:00 AM – 1:00 PM 💵 Fee: $3.00 per participant (includes 2-way transportation) Seniors 50 years old a,verified_at | verified_by | planning_area | age_min | age_max | beginner_friendly | join_alone_ok | guest_allowed,8,,,,
SOC-123ceee9a6b4,public_telegram_candidate,Bishan Connects,https://t.me/bishancc/1149,https://t.me/bishancc/1149 | https://go.gov.sg/sewshiok23aug,"🪡 Sew Shiok! Lai Lai, Let’s Sew Together! 🧵 with Repair Kopitiam",Bishan Connects,,,Bishan,23 August 2026,2:00 PM | 4:00 PM | 01.30PM,FREE,,arts | sport | workshops | youth | community,"🪡 Sew Shiok! Lai Lai, Let’s Sew Together! 🧵 with Repair Kopitiam Join us for an exciting, hands-on afternoon to connect with neighbors, learn practical skills, and embrace sustainability! 💚✨ 📍 Event Details: 🗓️ Date: Sunday, 23 August 2026 ⏰ Time: 2:00 PM – 4:00 PM, Registration ",verified_at | verified_by | planning_area | age_min | age_max | beginner_friendly | join_alone_ok | guest_allowed,8,,,,
SOC-1317a18b4cf5,public_telegram_candidate,Taman Jurong Kakis,https://t.me/TamanJurongCC/999,https://t.me/TamanJurongCC/999 | https://go.gov.sg/renewalofvows26,💕 Renewal of Vows 2026 – Our Love Journey 💕,Taman Jurong Kakis,,,Jurong West,20 September 2026,5.00pm | 8.00pm,$15 | $20,,community | performances | workshops | wellbeing,"💕 Renewal of Vows 2026 – Our Love Journey 💕 Celebrate love and reaffirm your commitment to your spouse at a special evening filled with music, dance, fun love quizzes and exciting activities! 💍❤️ 📅 Sunday, 20 September 2026 ⏰ 5.00pm – 8.00pm 📍 Republic of Singapore Yacht Club 🎟️ ",verified_at | verified_by | planning_area | age_min | age_max | beginner_friendly | join_alone_ok | guest_allowed,8,,,,
SOC-13668eddbdb3,public_telegram_candidate,OPEN JIO,https://t.me/OpenJio/2064,https://t.me/OpenJio/2064 | http://tiny.cc/urbankinship24sept,"Deforestation, urbanisation and urban birds: An ecological approach by Urban Birds Initiative SG (UBISG)",OPEN JIO,,339407,,24 September 2026,7pm | 9pm,FOC,,youth | books | arts | community | wellbeing,"Deforestation, urbanisation and urban birds: An ecological approach by Urban Birds Initiative SG (UBISG) How may an understanding of ecology better inform urban planning and bird management? How can we find new ways to relate to birds?🦆 Since 1819, deforestation for agriculture a",verified_at | verified_by | planning_area | age_min | age_max | beginner_friendly | join_alone_ok | guest_allowed,8,,,,
SOC-18a92663f872,public_telegram_candidate,OneBoonLay,https://t.me/oneboonlay/3931,https://t.me/oneboonlay/3931 | https://go.gov.sg/ccmcmidautumn2026,You're Invited to Boon Lay Mid-Autumn Festival 2026! 🏮🌕,OneBoonLay,,,Jurong West,27 September 2026,6.30pm | 9.30pm,$4,,community | arts | performances | workshops | youth,"You're Invited to Boon Lay Mid-Autumn Festival 2026! 🏮🌕 Celebrate the magic of the Mid-Autumn Festival with an evening filled with joy, laughter, and community spirit! ✨ Join us for: 🎨 Fun carnival games and activities 🏮 Beautiful lantern displays 🎁 Exciting prizes and giveaways ",verified_at | verified_by | planning_area | age_min | age_max | beginner_friendly | join_alone_ok | guest_allowed,8,,,,
SOC-22691c75ef65,public_telegram_candidate,NParks Buzz,https://t.me/nparksbuzz/2614,http://go.gov.sg/guidelines-animal-shelters | http://go.gov.sg/avstnrmdogs | http://go.gov.sg/paws-in-the-city | https://t.me/nparksbuzz/2614,🔸New Guidelines for Animal Shelters launched to safeguard animal welfare in Singapore🔸,NParks Buzz,,,Jurong West | Punggol | Bishan,29 August 2026,11am | 8pm,free,,nature | walking | gardening | volunteering,"🔸New Guidelines for Animal Shelters launched to safeguard animal welfare in Singapore🔸 Every animal deserves a safe, caring environment while waiting for a forever home. ❤️ AVS launched the Guidelines for Animal Shelters today at Paws in the City, AVS' first adoption drive in Sin",verified_at | verified_by | planning_area | age_min | age_max | beginner_friendly | join_alone_ok | guest_allowed,8,,,,
SOC-2e03e22d10a9,public_telegram_candidate,Bishan Connects,https://t.me/bishancc/1148,https://t.me/bishancc/1148,Celebrate Singapore's 61st Birthday with your neighbours at the Bishan East-Sin Ming National Day Observance Ceremony!,Bishan Connects,,,Bishan,9 August 2026,8.00am | 12.00pm,free,,arts | sport | workshops | youth | community,"Celebrate Singapore's 61st Birthday with your neighbours at the Bishan East-Sin Ming National Day Observance Ceremony! 🗓️Date: Sunday, 9 August 2026 ⏰Time: 8.00am – 12.00pm 🏟️Venue: Bishan CC Covered Plaza Join us for a fun-filled morning of community spirit and national pride! T",verified_at | verified_by | planning_area | age_min | age_max | beginner_friendly | join_alone_ok | guest_allowed,8,,,,
SOC-3164e085d5d5,public_telegram_candidate,Gek Poh Central Residents' Network,https://t.me/gekpohcentral/870,https://t.me/gekpohcentral/870,[Enhanced Cost-of-living Special Payment],Gek Poh Central Residents' Network,,,Jurong West,,,$100,aged 21,arts | sport | workshops | community,"[Enhanced Cost-of-living Special Payment] To get this payment, one has to be a Singapore Citizen who is staying here, and is aged 21 years or above in 2026. Also, they must not have an assessable income in the year of assessment 2025 that exceeds $100,000, and not own more than o",verified_at | verified_by | planning_area | beginner_friendly | join_alone_ok | guest_allowed,8,,,,
SOC-326306f60952,public_telegram_candidate,OneBoonLay,https://t.me/oneboonlay/3966,https://t.me/oneboonlay/3966,💕 Renewal of Vows 2026 – Our Love Journey 💕,OneBoonLay,,,Jurong West,20 September 2026,5.00pm | 8.00pm,$15 | $20,,community | arts | performances | workshops | youth,"💕 Renewal of Vows 2026 – Our Love Journey 💕 Celebrate love and reaffirm your commitment to your spouse at a special evening filled with music, dance, fun love quizzes and exciting activities! 💍❤️ 📅 Sunday, 20 September 2026 ⏰ 5.00pm – 8.00pm 📍 Republic of Singapore Yacht Club 🎟️ ",verified_at | verified_by | planning_area | age_min | age_max | beginner_friendly | join_alone_ok | guest_allowed,8,,,,
SOC-3d17dc53efab,public_telegram_candidate,OneBoonLay,https://t.me/oneboonlay/3960,https://t.me/oneboonlay/3960 | https://go.gov.sg/blccwec-rainbowjelly-mooncake | https://go.gov.sg/blcc-wec-walnut-mooncake | https://go.gov.sg/blcc-wec-oreo-mooncake | https://go.gov.sg/blcc-wec-traditional-eggyolk-mooncake,🌕✨ Mooncake Making Workshops @ Boon Lay CC!🥮🐰,OneBoonLay,,,Jurong West,9 Sept | 12 Sept | 13 Sept,10:30am | 12:30pm | 2pm | 4pm,$20 | $25 | $30,,community | arts | performances | workshops | youth,"🌕✨ Mooncake Making Workshops @ Boon Lay CC!🥮🐰 Mid-Autumn Festival is coming! 🎉 Why not spend some quality time learning to make your own delicious mooncakes? 👩🏻‍🍳👨🏻‍🍳💕 We have 4 exciting workshops for you to choose from: 🌈Rainbow Jelly Mooncake– $20/pax 📅 9 Sept (Wed), 10:30am–12",verified_at | verified_by | planning_area | age_min | age_max | beginner_friendly | join_alone_ok | guest_allowed,8,,,,
SOC-46273ef490bd,public_telegram_candidate,OneBoonLay,https://t.me/oneboonlay/3967,https://t.me/oneboonlay/3967,💕 Renewal of Vows 2026 – Our Love Journey 💕,OneBoonLay,,,Jurong West,20 September 2026,5.00pm | 8.00pm,$15 | $20,,community | arts | performances | workshops | youth,"💕 Renewal of Vows 2026 – Our Love Journey 💕 Celebrate love and reaffirm your commitment to your spouse at a special evening filled with music, dance, fun love quizzes and exciting activities! 💍❤️ 📅 Sunday, 20 September 2026 ⏰ 5.00pm – 8.00pm 📍 Republic of Singapore Yacht Club 🎟️ ",verified_at | verified_by | planning_area | age_min | age_max | beginner_friendly | join_alone_ok | guest_allowed,8,,,,
SOC-4819d5019e93,public_telegram_candidate,OneBoonLay,https://t.me/oneboonlay/3937,https://t.me/oneboonlay/3937,💕 Renewal of Vows 2026 – Our Love Journey 💕,OneBoonLay,,,Jurong West,20 September 2026,5.00pm | 8.00pm,$15 | $20,,community | arts | performances | workshops | youth,"💕 Renewal of Vows 2026 – Our Love Journey 💕 Celebrate love and reaffirm your commitment to your spouse at a special evening filled with music, dance, fun love quizzes and exciting activities! 💍❤️ 📅 Sunday, 20 September 2026 ⏰ 5.00pm – 8.00pm 📍 Republic of Singapore Yacht Club 🎟️ ",verified_at | verified_by | planning_area | age_min | age_max | beginner_friendly | join_alone_ok | guest_allowed,8,,,,
SOC-4c0bbfec1dfd,public_telegram_candidate,OneBoonLay,https://t.me/oneboonlay/3947,https://t.me/oneboonlay/3947 | https://go.gov.sg/nuhspdtj,Join us at the NUHS Pharmacy Health Carnival! Bring your family and friends for a fun-filled morning packed with interac,OneBoonLay,,,Jurong West,13 September 2026,10:00 AM | 2:00 PM | 9:50 AM | 9:55 AM,free,,community | arts | performances | workshops | youth,"Join us at the NUHS Pharmacy Health Carnival! Bring your family and friends for a fun-filled morning packed with interactive games, free health talks, photo booths, cup corn, and exciting goodie bags. • ​📅 Date: 13 September 2026 (Sunday) • ​⏰ Time: 10:00 AM – 2:00 PM • ​📍 Venue:",verified_at | verified_by | planning_area | age_min | age_max | beginner_friendly | join_alone_ok | guest_allowed,8,,,,
SOC-518e8dd2fc60,public_telegram_candidate,OneBoonLay,https://t.me/oneboonlay/3932,https://t.me/oneboonlay/3932,🦁 SEMI-FINAL NIGHT. LET’S ROAR TOGETHER! 🇸🇬⚽,OneBoonLay,,,Jurong West,15 AUG | AUG 8,8.30PM,FREE,,community | arts | performances | workshops | youth,"🦁 SEMI-FINAL NIGHT. LET’S ROAR TOGETHER! 🇸🇬⚽ The Lions are back in action — and we’re bringing the watch party atmosphere to Boon Lay CC! 🔥 🥤 FREE RED & WHITE SLUSHIES! ❤️🤍 Simply complete a short survey on the spot tomorrow to redeem yours! ❄️ 200 cups only — first come, first s",verified_at | verified_by | planning_area | age_min | age_max | beginner_friendly | join_alone_ok | guest_allowed,8,,,,
SOC-590fb4d93395,public_telegram_candidate,BAGUS Together,https://t.me/bagustogether/643,https://t.me/bagustogether/643 | https://www.instagram.com/cognizant/ | https://bit.ly/ai-for-workplaces,Most people have tried AI. But there's a big gap between trying it and confidently using it in your groundup’s daily wor,BAGUS Together,,059817,Punggol,21 July 2026,7pm | 9.30pm | 6.30pm,,,youth | coding | volunteering | cycling | community,"Most people have tried AI. But there's a big gap between trying it and confidently using it in your groundup’s daily work. That’s exactly what the AI for Groundups workshop is designed to close.​ Led by Cognizant volunteers, this hands-on workshop gives you guided practice with G",verified_at | verified_by | cost_one_off_sgd | planning_area | age_min | age_max | beginner_friendly | join_alone_ok | guest_allowed,8,,,,
SOC-597eae8cfd37,public_telegram_candidate,BAGUS Together,https://t.me/bagustogether/624,https://t.me/bagustogether/624 | https://www.instagram.com/nevox.sg/ | http://forms.gle/dhXZ9MTNwHq1bhbu9,How do you introduce yourself without work 🤔?,BAGUS Together,,,Punggol,26 Jun 2026,6.30pm | 9.30pm,$15,,youth | coding | volunteering | cycling | community,"How do you introduce yourself without work 🤔? Join NEVOX's NotWorking session, where playful prompts and small-group exchanges explore what gets left out when work becomes the primary introduction, what feels awkward when it doesn't, and what other ways of connecting might become",verified_at | verified_by | planning_area | age_min | age_max | beginner_friendly | join_alone_ok | guest_allowed,8,,,,
SOC-5c3487ef2022,public_telegram_candidate,Gek Poh Central Residents' Network,https://t.me/gekpohcentral/839,https://t.me/gekpohcentral/839 | https://go.gov.sg/js-gpcsnbowling,🎳 Jurong Spring-Gek Poh CSN Family Fun Bowl 2026 🎳,Gek Poh Central Residents' Network,,,Jurong West,16 August 2026,9.30am | 12.30pm | 9.00am,$80,,arts | sport | workshops | community,"🎳 Jurong Spring-Gek Poh CSN Family Fun Bowl 2026 🎳 Gather your family and friends for a fun-filled morning of bowling, friendly competition and exciting prizes! 📅 Date: 16 August 2026 (Sunday) 🕤 Time: 9.30am – 12.30pm (Check-in from 9.00am) 📍 Venue: Westwood Bowl @ Civil Service ",verified_at | verified_by | planning_area | age_min | age_max | beginner_friendly | join_alone_ok | guest_allowed,8,,,,
SOC-68d68254f271,public_telegram_candidate,OneBoonLay,https://t.me/oneboonlay/3945,https://t.me/oneboonlay/3945 | http://go.gov.sg/wcr2026,🎸 West Coast ROCKS! 2026 is back! 🎆,OneBoonLay,,,Jurong West,29 August 2026,4.00pm | 10.00pm,FREE | $5 | $6,,community | arts | performances | workshops | youth,"🎸 West Coast ROCKS! 2026 is back! 🎆 Get ready for an unforgettable evening of live music, carnival games, great food, and a spectacular fireworks finale at West Coast Park Grand Lawn! 📅 Saturday, 29 August 2026 🕓 4.00pm – 10.00pm 📍 West Coast Park Grand Lawn 🎟️ FREE Admission Com",verified_at | verified_by | planning_area | age_min | age_max | beginner_friendly | join_alone_ok | guest_allowed,8,,,,
SOC-6945998f38df,public_telegram_candidate,Bishan Connects,https://t.me/bishancc/1156,https://t.me/bishancc/1156,🌿🐦 Love nature and wildlife? Come explore one of Singapore’s most fascinating ecosystems with us!,Bishan Connects,,,Bishan,23 August 2026,8:00 AM | 12:00 PM,$3,,arts | sport | workshops | youth | community,🌿🐦 Love nature and wildlife? Come explore one of Singapore’s most fascinating ecosystems with us! Join our upcoming Guided Nature Tour to Sungei Buloh Wetland Reserve and discover the incredible biodiversity hidden within Singapore’s wetlands. From unique migratory birds to fasci,verified_at | verified_by | planning_area | age_min | age_max | beginner_friendly | join_alone_ok | guest_allowed,8,,,,
SOC-6a5912702e28,public_telegram_candidate,OneBoonLay,https://t.me/oneboonlay/3957,https://www.onepa.gov.sg/events/boon-lay-ccc-csn-telematch-valorant-boon-lay-cc-september-2026-e96765259 | https://t.me/oneboonlay/3957,"☕🎮 BOON LAY 'MIND CAFÉ — COME, CHILL & CONNECT! 🎮☕",OneBoonLay,,,Jurong West,20 September 2026,2.00pm | 5.00pm | 8.00pm | 10am | 6pm,FREE,,community | arts | performances | workshops | youth,"☕🎮 BOON LAY 'MIND CAFÉ — COME, CHILL & CONNECT! 🎮☕ Looking for a cosy place to chill, play games and spend time with your friends and family? Come join us at Boon Lay CC MPH! 💛 📅 20 September 2026 (Sunday) ⏰ 2.00pm – 5.00pm (📺 Telematch Valorant Screening: Till 8.00pm) 📍 Boon Lay",verified_at | verified_by | planning_area | age_min | age_max | beginner_friendly | join_alone_ok | guest_allowed,8,,,,
SOC-6dd675ae945e,public_telegram_candidate,OneBoonLay,https://t.me/oneboonlay/3934,https://t.me/oneboonlay/3934,🎤 Mark your calendars! 🎤,OneBoonLay,,640221,Jurong West,29th August 2026,7pm | 9pm,,,community | arts | performances | workshops | youth,"🎤 Mark your calendars! 🎤 We’re bringing the rhythm to Boon Lay this August! Join us for a night of soulful tunes with the ""飞禽走兽"" duo at the Boon Lay Shopping Centre. 📅 Date: 29th August 2026 (Saturday) ⏰ Time: 7pm – 9pm 📍 Location: 221 Boon Lay Place (S) 640221 Grab your friends ",verified_at | verified_by | cost_one_off_sgd | planning_area | age_min | age_max | beginner_friendly | join_alone_ok | guest_allowed,8,,,,
SOC-6edbc3e14a95,public_telegram_candidate,Alpha Fitness Workouts,https://t.me/alphaworkout/974,https://t.me/alphaworkout/974 | http://go.gov.sg/start2move,"On top of that, Easties, we’re back! 🎉",Alpha Fitness Workouts,,,Punggol,17 Nov | 22 Dec,5:30PM | 6:30PM,FREE,,fitness | dance | sport,"On top of that, Easties, we’re back! 🎉 Join our FREE 6-week Start2Move course at ✨Our Tampines Hub✨ and learn simple, guided exercises to move better and feel stronger! 💪 🗓 17 Nov – 22 Dec (Mondays) ⏰ 5:30PM – 6:30PM 👉 Sign up via go.gov.sg/start2move ! #Start2Move #HealthierSG #",verified_at | verified_by | planning_area | age_min | age_max | beginner_friendly | join_alone_ok | guest_allowed,8,,,,
SOC-6f43406c9a0d,public_telegram_candidate,OneBoonLay,https://t.me/oneboonlay/3939,https://t.me/oneboonlay/3939 | https://go.gov.sg/swcommunityjobfair-boonlay,Looking for job opportunities closer to home? 💼🏠,OneBoonLay,,649882,Jurong West,4 September 2026,10.00am | 4.00pm,,,community | arts | performances | workshops | youth,"Looking for job opportunities closer to home? 💼🏠 Join us at the South West Community Job Fair @ Boon Lay CC and meet employers face-to-face! 📅 3–4 September 2026 (Thursday and Friday) ⏰ 10.00am–4.00pm 📍 Boon Lay Community Club, Level 1 Multi-Purpose Hall 10 Boon Lay Place, Singap",verified_at | verified_by | cost_one_off_sgd | planning_area | age_min | age_max | beginner_friendly | join_alone_ok | guest_allowed,8,,,,
SOC-846b3845c8a7,public_telegram_candidate,Taman Jurong Kakis,https://t.me/TamanJurongCC/969,https://t.me/TamanJurongCC/969 | http://go.gov.sg/tjfrideals,🎉 Fri-deal @ Taman Jurong! 🎉,Taman Jurong Kakis,,,Jurong West,24 Jul | 28 Aug | 25 Sep 2026,6PM | 8PM,$2,,community | performances | workshops | wellbeing,"🎉 Fri-deal @ Taman Jurong! 🎉 Looking to stretch your dollar? Don’t miss our Fri-deal – Enjoy household essentials for just $2 per deal – limited to the first 100 participants each month! 📅 Dates: 24 Jul, 28 Aug, 25 Sep 2026 🕕 Time: 6PM – 8PM 📍 Venue: Taman Jurong CC, Level 1 Foye",verified_at | verified_by | planning_area | age_min | age_max | beginner_friendly | join_alone_ok | guest_allowed,8,,,,
SOC-8af831635587,public_telegram_candidate,Taman Jurong Kakis,https://t.me/TamanJurongCC/995,https://t.me/TamanJurongCC/995 | http://go.gov.sg/cvrcnd26,🚨 Red Cross Next Door 🚨,Taman Jurong Kakis,,,Jurong West,29 August 2026,2pm | 6pm,complimentary,,community | performances | workshops | wellbeing,"🚨 Red Cross Next Door 🚨 Ever wondered what the Red Cross actually does? Come find out — and have a blast doing it! 🎉 📅 29 August 2026 (Saturday) ⏰ 2pm – 6pm 📍 Taman Jurong Community Club We're heading to Red Cross House for a guided tour, getting hands-on with first aid through i",verified_at | verified_by | planning_area | age_min | age_max | beginner_friendly | join_alone_ok | guest_allowed,8,,,,
SOC-94eb0d785771,public_telegram_candidate,Gek Poh Central Residents' Network,https://t.me/gekpohcentral/846,https://t.me/gekpohcentral/846,🇸🇬🎉 Jurong Spring–Gek Poh National Day Carnival 2026 is here! 🎉🇸🇬,Gek Poh Central Residents' Network,,,Jurong West,1 August 2026,5.30pm | 9.00pm,FREE,,arts | sport | workshops | community,"🇸🇬🎉 Jurong Spring–Gek Poh National Day Carnival 2026 is here! 🎉🇸🇬 Celebrate Singapore’s 61st National Day with an evening of fun, performances, games, and community spirit! ❤️🤍 📅 Date: Saturday, 1 August 2026 🕠 Time: 5.30pm – 9.00pm 📍 Venue: Jurong Spring CC ✨ Look forward to: 🎭 ",verified_at | verified_by | planning_area | age_min | age_max | beginner_friendly | join_alone_ok | guest_allowed,8,,,,
SOC-9a65d4ada9e4,public_telegram_candidate,OneBoonLay,https://t.me/oneboonlay/3968,https://t.me/oneboonlay/3968 | https://go.gov.sg/boonlayglade-greencarnival-2026 | https://go.gov.sg/boonlayglade-green-market-vendor-registration,🌱 GREEN CARNIVAL 2026 is coming to Boon Lay! 🌿✨,OneBoonLay,,,Jurong West,20 September 2026,10:00am | 1:00pm,$5 | $15,,community | arts | performances | workshops | youth,"🌱 GREEN CARNIVAL 2026 is coming to Boon Lay! 🌿✨ Spend your Sunday with us for a fun-filled morning of green activities for the whole family! From terrarium making, floral arrangement and chilli planting to a Green Market Bazaar, food rescue corner, DIY handicrafts, storytelling, ",verified_at | verified_by | planning_area | age_min | age_max | beginner_friendly | join_alone_ok | guest_allowed,8,,,,
SOC-a3d93a028311,public_telegram_candidate,BAGUS Together,https://t.me/bagustogether/623,https://t.me/bagustogether/623 | https://www.instagram.com/proj.afterglow/ | https://docs.google.com/forms/d/e/1FAIpQLSdRJlzssizQ2tcZRwmL64pgdWnHeU7nJClZb-WWgWK9mH_gmg/viewform,🌅 Ever wondered what dementia looks like beyond the stereotypes?,BAGUS Together,,,Punggol,19 July 2026 | 11 July 2026,10AM | 2:30PM,$10 | free,,youth | coding | volunteering | cycling | community,"🌅 Ever wondered what dementia looks like beyond the stereotypes? Join Project Afterglow at 'THROUGH OUR EYES: Dementia Through Lived Experiences', Singapore’s first-ever youth-led exhibition on dementia awareness organised by EJC, with support from CHS, SNGS, and SCGS💗🫂 Through p",verified_at | verified_by | planning_area | age_min | age_max | beginner_friendly | join_alone_ok | guest_allowed,8,,,,
SOC-a677d1ee0f6b,public_telegram_candidate,Taman Jurong Kakis,https://t.me/TamanJurongCC/967,https://t.me/TamanJurongCC/967,🏆🌍 THE FINAL SHOWDOWN IS HERE! 🌍🏆,Taman Jurong Kakis,,,Jurong West,20 July 2026,2.30am,Complimentary,,community | performances | workshops | wellbeing,"🏆🌍 THE FINAL SHOWDOWN IS HERE! 🌍🏆 After weeks of unforgettable drama, stunning goals, and edge-of-your-seat action… it all comes down to ONE FINAL MATCH. Who will lift the World Cup 2026 Trophy and etch their name into football history? Join us as we witness the crowning of the w",verified_at | verified_by | planning_area | age_min | age_max | beginner_friendly | join_alone_ok | guest_allowed,8,,,,
SOC-aa4a6ae35b9c,public_telegram_candidate,NParks Buzz,https://t.me/nparksbuzz/2583,https://t.me/nparksbuzz/2583 | https://go.gov.sg/learning-forest-tour-sep-2026,🌿 Explore the Learning Forest with a guided tour!,NParks Buzz,,,Jurong West | Punggol | Bishan,19 Sep 2026,9am | 10am,Free,,nature | walking | gardening | volunteering,"🌿 Explore the Learning Forest with a guided tour! Join a guided Forest Tour and explore habitats ranging from freshwater forest wetlands to lowland rainforest. Wander along elevated boardwalks, explore the Keppel Discovery Wetlands, and walk among some of the tallest tree species",verified_at | verified_by | planning_area | age_min | age_max | beginner_friendly | join_alone_ok | guest_allowed,8,,,,
SOC-ad3b7e33f61c,public_telegram_candidate,BAGUS Together,https://t.me/bagustogether/656,https://t.me/bagustogether/656 | https://thestoryschoolsg.my.canva.site/ | https://forms.gle/he4q8g8rx6DJUvbv7,The Story School: Mobile Photography Introductory Course,BAGUS Together,,159053,Punggol,12 Sept 2026,2pm | 4pm,,,youth | coding | volunteering | cycling | community,"The Story School: Mobile Photography Introductory Course The Story School is a groundup initiative that focuses on providing digital arts and media skill-based education to young ones with special needs. Parents with child and youth with special needs, do not miss this opportunit",verified_at | verified_by | cost_one_off_sgd | planning_area | age_min | age_max | beginner_friendly | join_alone_ok | guest_allowed,8,,,,
SOC-ae06ccb9b183,public_telegram_candidate,NParks Buzz,https://t.me/nparksbuzz/2573,https://go.gov.sg/arts-everywhere-singapore-botanic-gardens | https://t.me/nparksbuzz/2573,🎶 ArtsEverywhere@SBG: The Garden Sessions with The Purple Symphony,NParks Buzz,,,Jurong West | Punggol | Bishan,9 Aug | 16 Aug | 23 Aug | 30 Aug | 5 Sep,9am | 10am | 6pm | 7pm,Free,,nature | walking | gardening | volunteering,"🎶 ArtsEverywhere@SBG: The Garden Sessions with The Purple Symphony Spend your weekends with music at the Singapore Botanic Gardens! The Purple Symphony, Singapore’s largest inclusive orchestra, is bringing a series of pop-up performances to different spaces around the Gardens. Fe",verified_at | verified_by | planning_area | age_min | age_max | beginner_friendly | join_alone_ok | guest_allowed,8,,,,
SOC-b1b42e7ef559,public_telegram_candidate,Home of Team Nila,https://t.me/teamnila/1030,https://t.me/teamnila/1030 | https://go.gov.sg/easlxbas2026-tn,[Volunteering Opportunity],Home of Team Nila,,,Punggol,10 September 2026,,,aged 13 – 16 years old,sport | volunteering | youth,"[Volunteering Opportunity] 🏀 EASL Future Champions x BAS Events Basketball Association of Singapore is collaborating with East Asia Super League (EASL) to bring their Future Champions programme to Singapore. Participants, aged 13 – 16 years old, will be invited to train under int",verified_at | verified_by | cost_one_off_sgd | planning_area | beginner_friendly | join_alone_ok | guest_allowed,8,,,,
SOC-b5b4c3547f46,public_telegram_candidate,Gek Poh Central Residents' Network,https://t.me/gekpohcentral/876,https://t.me/gekpohcentral/876,Parenting through exam stress isn’t always easy.,Gek Poh Central Residents' Network,,,Jurong West,28 August 2026,7.00pm | 9.30pm,free,,arts | sport | workshops | community,"Parenting through exam stress isn’t always easy. As our children navigate school, exams and the expectations around them, it can sometimes be difficult for parents to know when encouragement becomes pressure and how best to support them when they are struggling. This Friday, we’r",verified_at | verified_by | planning_area | age_min | age_max | beginner_friendly | join_alone_ok | guest_allowed,8,,,,
SOC-bbced9b7b6d6,public_telegram_candidate,BAGUS Together,https://t.me/bagustogether/619,https://t.me/bagustogether/619 | https://www.sgpo.gov.sg/ | https://go.gov.sg/communityexchange-2026,Are you a groundup group or community practitioner actively leading or involved in community initiatives? 🌱,BAGUS Together,,469659,Punggol,4 July 2026 | 14 June,10.30am | 3.00pm,,,youth | coding | volunteering | cycling | community,"Are you a groundup group or community practitioner actively leading or involved in community initiatives? 🌱 The Singapore Government Partnerships Office (SGPO) is hosting Community Exchange - a gathering for groundups and community practitioners to share what's working, build on ",verified_at | verified_by | cost_one_off_sgd | planning_area | age_min | age_max | beginner_friendly | join_alone_ok | guest_allowed,8,,,,
SOC-bbfb657a08a1,public_telegram_candidate,Gek Poh Central Residents' Network,https://t.me/gekpohcentral/852,https://t.me/gekpohcentral/852,[SOLD OUT],Gek Poh Central Residents' Network,,,Jurong West,2 August 2026,3.00pm | 1.30pm | 10.00am | 6.00pm,$3 | $24,,arts | sport | workshops | community,"[SOLD OUT] 🎬✨ Jurong Spring–Gek Poh Community Screening is here! 🍿❤️ Join us for the heartwarming local Teochew movie 《给阿嬷的情书》 (Dear You) at a special community screening! 📅 Date: Sunday, 2 August 2026 🕒 Movie Time: 3.00pm 🚌 Bus Pick-up: 1.30pm 📍 Venue: Golden Village Jurong Poin",verified_at | verified_by | planning_area | age_min | age_max | beginner_friendly | join_alone_ok | guest_allowed,8,,,,
SOC-be1ffd5fb174,public_telegram_candidate,BAGUS Together,https://t.me/bagustogether/617,https://t.me/bagustogether/617 | https://bit.ly/gb3-ama,"Curious about how to work more effectively with government agencies?​ Mark your calendars, this AMA is a rare opportunit",BAGUS Together,,059817,Punggol,1 July 2026,7pm | 9.30pm,,,youth | coding | volunteering | cycling | community,"Curious about how to work more effectively with government agencies?​ Mark your calendars, this AMA is a rare opportunity for an open and interactive conversation outside formal settings. Get candid insights from government agency representatives on partnerships, resources, navig",verified_at | verified_by | cost_one_off_sgd | planning_area | age_min | age_max | beginner_friendly | join_alone_ok | guest_allowed,8,,,,
SOC-c23ab5239d0b,public_telegram_candidate,Gek Poh Central Residents' Network,https://t.me/gekpohcentral/836,https://t.me/gekpohcentral/836,Residents can collect their complimentary flag at Gek Poh Ville CC temporary Office at Blk 760 Jurong West St 74 #01-08 ,Gek Poh Central Residents' Network,,640760,Jurong West,,10am | 6pm,complimentary,,arts | sport | workshops | community,"Residents can collect their complimentary flag at Gek Poh Ville CC temporary Office at Blk 760 Jurong West St 74 #01-08 Singapore 640760. Opening hours: Every day, 10am-6pm. *Limited to 1 flag per household. While stocks last.",verified_at | verified_by | planning_area | age_min | age_max | beginner_friendly | join_alone_ok | guest_allowed,8,,,,
SOC-c3269554e436,public_telegram_candidate,OPEN JIO,https://t.me/OpenJio/2044,https://t.me/OpenJio/2044 | http://Hi-story.page/ | http://tiny.cc/wiretree5sept,Wiretree Workshop by Hi-story.page at Little Saturday Room,OPEN JIO,,380118,,5 Sept | Sept 26,4pm | 6pm,free | $40,,youth | books | arts | community | wellbeing,"Wiretree Workshop by Hi-story.page at Little Saturday Room The global refugee crisis has displaced millions of people worldwide, forcing them to flee war, persecution, and conflict. Hi-story.page partners with talented individuals around the world to empower them with livelihoods",verified_at | verified_by | planning_area | age_min | age_max | beginner_friendly | join_alone_ok | guest_allowed,8,,,,
SOC-cb5d67cb734c,public_telegram_candidate,NParks Buzz,https://t.me/nparksbuzz/2597,https://t.me/nparksbuzz/2597 | https://bit.ly/LKYFB-Quest,🏃‍➡️ Echoes of the Forbidden Hill: A Bilingual Amazing Race,NParks Buzz,,,Jurong West | Punggol | Bishan,30 Aug 2026 | 25 Aug 2026,7.30pm | 10pm,free,,nature | walking | gardening | volunteering,"🏃‍➡️ Echoes of the Forbidden Hill: A Bilingual Amazing Race Explore Fort Canning Park after dark in this free, immersive bilingual amazing race that blends history, language and technology. 🔎 Journey through 5 stops across the park, where large-scale light projections transform t",verified_at | verified_by | planning_area | age_min | age_max | beginner_friendly | join_alone_ok | guest_allowed,8,,,,
SOC-ce0fd29d0280,public_telegram_candidate,NParks Buzz,https://t.me/nparksbuzz/2598,https://t.me/nparksbuzz/2598 | https://go.gov.sg/roots-of-knowledge,📚 Discover 150 years of botanical history!,NParks Buzz,,,Jurong West | Punggol | Bishan,30 Nov 2026,9am | 6pm,Free,,nature | walking | gardening | volunteering,"📚 Discover 150 years of botanical history! Visit ‘Roots of Knowledge: Celebrating 150 Years of the Singapore Botanic Gardens Library’, a special exhibition showcasing rare books and historical records dating back to 1531. Learn how these collections have supported plant research,",verified_at | verified_by | planning_area | age_min | age_max | beginner_friendly | join_alone_ok | guest_allowed,8,,,,
SOC-d523db6c4892,public_telegram_candidate,Gek Poh Central Residents' Network,https://t.me/gekpohcentral/871,https://t.me/gekpohcentral/871,Let's celebrate Mid-Autumn Festival together as One!,Gek Poh Central Residents' Network,,,Jurong West,20 September 2026,6pm | 9pm,$4,,arts | sport | workshops | community,Let's celebrate Mid-Autumn Festival together as One! Date: 20 September 2026 Time: 6pm - 9pm Venue: Community Hub opp 272D Ticket at $4/pax. Inclusive of bento dinner in reusable lunch box and 3 event coupons! Get your tickets at interim Gek Poh Ville CC at Block 760.,verified_at | verified_by | planning_area | age_min | age_max | beginner_friendly | join_alone_ok | guest_allowed,8,,,,
SOC-dcfbdedbb2c2,public_telegram_candidate,NParks Buzz,https://t.me/nparksbuzz/2605,http://go.gov.sg/rockestra | https://t.me/nparksbuzz/2605,🎸 NParks Concert Series in the Park: Rockestra® 🎸,NParks Buzz,,,Jurong West | Punggol | Bishan,19 September 2026,6.30pm,Free,,nature | walking | gardening | volunteering,"🎸 NParks Concert Series in the Park: Rockestra® 🎸 Your favourite songs through the decades, coming together in one unforgettable night! NParks Concert Series in the Park: Rockestra® returns on the opening night of Lights by the Lake 2026, themed “Hits through the Decades”. 🎶 We’r",verified_at | verified_by | planning_area | age_min | age_max | beginner_friendly | join_alone_ok | guest_allowed,8,,,,
SOC-dd0d252b9b13,public_telegram_candidate,Taman Jurong Kakis,https://t.me/TamanJurongCC/970,https://t.me/TamanJurongCC/970,❗We have a bazaar happening now till Sunday (19 July) 3pm!,Taman Jurong Kakis,,,Jurong West,19 July,3pm,$1,,community | performances | workshops | wellbeing,"❗We have a bazaar happening now till Sunday (19 July) 3pm! We are selling second hand toys, clothes and more for low cost!! ONLY CASH ACCEPTED.💵 ✨ Discover unique finds, support sustainable living, and check out exciting community booths. Prices start from $1! Come shop for a goo",verified_at | verified_by | planning_area | age_min | age_max | beginner_friendly | join_alone_ok | guest_allowed,8,,,,
SOC-eb5765cb2254,public_telegram_candidate,NParks Buzz,https://t.me/nparksbuzz/2591,https://go.gov.sg/heritage-trees-historical-tour-pasir-panjang | https://t.me/nparksbuzz/2591,NParks x HeritageSG Heritage Trees & Historical Tour of Pasir Panjang,NParks Buzz,,,Jurong West | Punggol | Bishan,12 Sep 2026 | 13 Sep 2026,9am | 11:30am,$25,,nature | walking | gardening | volunteering,NParks x HeritageSG Heritage Trees & Historical Tour of Pasir Panjang 🌳 Celebrate the 25th anniversary of the Heritage Tree Scheme with a special learning journey to discover the fascinating natural heritage and history of Pasir Panjang. This learning journey includes a mix of ch,verified_at | verified_by | planning_area | age_min | age_max | beginner_friendly | join_alone_ok | guest_allowed,8,,,,
SOC-ef4977bdc7b8,public_telegram_candidate,NParks Buzz,https://t.me/nparksbuzz/2578,https://t.me/nparksbuzz/2578 | https://go.gov.sg/whats-in-my-water,Guided Walk at Sungei Buloh Wetland Reserve,NParks Buzz,,,Jurong West | Punggol | Bishan,29 Aug 2026,9.30am | 11am,Free,,nature | walking | gardening | volunteering,"Guided Walk at Sungei Buloh Wetland Reserve 💧Ever wondered what lives where land meets water? Join the ‘What's in my water?’ guided walk at Sungei Buloh Wetland Reserve, and discover the fascinating plants and animals that thrive along the reserve's wetlands, ponds, rivers and es",verified_at | verified_by | planning_area | age_min | age_max | beginner_friendly | join_alone_ok | guest_allowed,8,,,,
SOC-f4306941fd12,public_telegram_candidate,Taman Jurong Kakis,https://t.me/TamanJurongCC/963,https://t.me/TamanJurongCC/963 | http://go.gov.sg/tjyvsf2026,Hone your badminton skill and pit against your opponent!,Taman Jurong Kakis,,,Jurong West,23 August 2026,9.00am | 9.00pm,$5.00,,community | performances | workshops | wellbeing,Hone your badminton skill and pit against your opponent! Taman Jurong Yuva Shuttle Fest 2026 Date: 22 & 23 August 2026 (Saturday and Sunday) Time: 9.00am to 9.00pm (est) Fee: $5.00 each participant Sign up at go.gov.sg/tjyvsf2026 *Category* A - Boys Singles (17 and 18 Years old) ,verified_at | verified_by | planning_area | age_min | age_max | beginner_friendly | join_alone_ok | guest_allowed,8,,,,
SOC-f6db165878c0,public_telegram_candidate,Gek Poh Central Residents' Network,https://t.me/gekpohcentral/873,https://t.me/gekpohcentral/873,💕 Renewal of Vows 2026 – Our Love Journey 💕,Gek Poh Central Residents' Network,,,Jurong West,20 September 2026,5.00pm | 8.00pm,$15 | $20,,arts | sport | workshops | community,"💕 Renewal of Vows 2026 – Our Love Journey 💕 Celebrate love and reaffirm your commitment to your spouse at a special evening filled with music, dance, fun love quizzes and exciting activities! 💍❤️ 📅 Sunday, 20 September 2026 ⏰ 5.00pm – 8.00pm 📍 Republic of Singapore Yacht Club 🎟️ ",verified_at | verified_by | planning_area | age_min | age_max | beginner_friendly | join_alone_ok | guest_allowed,8,,,,
SOC-fe0db2abe006,public_telegram_candidate,Taman Jurong Kakis,https://t.me/TamanJurongCC/997,https://t.me/TamanJurongCC/997,💊✨ Your Medicine Matters! ✨💊,Taman Jurong Kakis,,,Jurong West,13 September 2026,10.00 AM | 2.00 PM,Free,,community | performances | workshops | wellbeing,💊✨ Your Medicine Matters! ✨💊 Join us for our very own Pharmacy Health Carnival and discover how you can take better care of your health with the help of NUHS pharmacists! 🩺💙 📅 13 September 2026 (Sunday) ⏰ 10.00 AM – 2.00 PM 📍 Taman Jurong CC 🎉 What to expect: • Free medicine revi,verified_at | verified_by | planning_area | age_min | age_max | beginner_friendly | join_alone_ok | guest_allowed,8,,,,
SOC-1135501e631f,public_telegram_candidate,OPEN JIO,https://t.me/OpenJio/2049,https://t.me/OpenJio/2049 | https://deetz.events/events/dont-let-it-bubble,🧋 Don’t Let It Bubble,OPEN JIO,,,,5 September 2026,2pm | 3:30pm,,youths aged 15–29,youth | books | arts | community | wellbeing,🧋 Don’t Let It Bubble What do you do when a friend is struggling but you’re not sure what to say or how to help? Don’t Let It Bubble brings young people together over bubble tea for honest conversations and practical peer-support learning. Through guided conversation cards and fa,verified_at | verified_by | cost_one_off_sgd | planning_area | beginner_friendly | join_alone_ok | guest_allowed,7,,,,
SOC-1ea7c3948736,public_telegram_candidate,OPEN JIO,https://t.me/OpenJio/2058,https://t.me/OpenJio/2058 | http://tiny.cc/grovve_worrywiggles,🧠 Worry Wiggles: Rethinking Academic Stress,OPEN JIO,,,,29 August 2026 | 25 August,2pm | 4pm,,Youths aged 12–25,youth | books | arts | community | wellbeing,"🧠 Worry Wiggles: Rethinking Academic Stress Academic stress can be more than just having a lot on our plates. The thoughts we carry about grades, expectations and our own abilities can also shape how we feel, cope and see ourselves. Worry Wiggles is an evidence-informed psychoedu",verified_at | verified_by | cost_one_off_sgd | planning_area | beginner_friendly | join_alone_ok | guest_allowed,7,,,,
SOC-5c823525c996,public_telegram_candidate,BAGUS Together,https://t.me/bagustogether/648,https://t.me/bagustogether/648 | https://www.instagram.com/project.pathfinder.sg/ | https://docs.google.com/forms/d/e/1FAIpQLSfVSQl8piojtHXo73x9mbgi-q1IY5btYQwoQXJ8ljUagwrtxQ/viewform,"🚴‍♂️ Night Cycling, Great Conversations, and Big Impact",BAGUS Together,,,Punggol,14 August 2026,,free,,youth | coding | volunteering | cycling | community,"🚴‍♂️ Night Cycling, Great Conversations, and Big Impact Looking for a unique way to give back while staying active? Step up, clip in, and join Project Pathfinder as a mentor for Project Pathfinder Night Cycling! This is not just bike ride through the city! It is a chance to conne",verified_at | verified_by | planning_area | age_min | age_max | beginner_friendly | join_alone_ok | guest_allowed,7,,,,
SOC-a9ac21e2bad4,public_telegram_candidate,OneBoonLay,https://t.me/oneboonlay/3929,https://t.me/oneboonlay/3929 | http://govbenefits.gov.sg/ | http://go.gov.sg/col2026sp,📢 *Enhanced Budget 2026 Cost-of-Living Special Payment*,OneBoonLay,,,Jurong West,9 Sep 2026 | 9 Sep,,$400 | $600,,community | arts | performances | workshops | youth,"📢 *Enhanced Budget 2026 Cost-of-Living Special Payment* 🗓️ *From 9 Sep 2026*, eligible Singaporeans will receive between $400 and $600 in cash as part of the Enhanced Budget 2026 Cost-of-Living Special Payment. This is part of April’s support package in response to the Middle Eas",verified_at | verified_by | planning_area | age_min | age_max | beginner_friendly | join_alone_ok | guest_allowed,7,,,,
SOC-f21d0c4bba93,public_telegram_candidate,Bishan Connects,https://t.me/bishancc/1151,https://t.me/bishancc/1151,August Highlights,Bishan Connects,,,Bishan,2 Aug | 15 Aug | 9 Aug | 23 Aug | 26 Aug | 30 Aug,,Free,,arts | sport | workshops | youth | community,August Highlights 1–2 Aug – SG Farmers' Market 1 & 15 Aug – Python Coding Workshop 9 Aug – National Day Observance Ceremony 15 Aug – Bishan East-Sin Ming National Day Dinner 2026 15 Aug – Project Starlight 23 Aug – Repair Kopitiam: Sew Shiok! 26 Aug – Food Rescue! 26 Aug – Free H,verified_at | verified_by | planning_area | age_min | age_max | beginner_friendly | join_alone_ok | guest_allowed,7,,,,
WEB-jw-activegroove,public_web_candidate,Sport Singapore (ActiveSG),https://www.activesgcircle.gov.sg/activegroove,,Dance practice at Jurong West ActiveGroove,Sport Singapore (ActiveSG),,648965,Jurong West,,,Free-to-use,,dance | music | self-guided,Official ActiveSG information identifies ActiveGroove as a free-to-use dance space; the Jurong West location and opening status require human confirmation.,verified_at | verified_by | planning_area | age_min | age_max | beginner_friendly | join_alone_ok | guest_allowed,7,,,,
SOC-03bc67de0893,public_telegram_candidate,Bishan Connects,https://t.me/bishancc/1161,https://t.me/bishancc/1161,🍞 Breadmaking Full-Day Course!,Bishan Connects,,,Bishan,27 August,10.00am | 6.00pm,,,arts | sport | workshops | youth | community,"🍞 Breadmaking Full-Day Course! Love the smell of freshly baked bread? Spend a full day learning how to make 6 different items, including a sourdough starter and delicious longan red date bread. 📅 27 August (Thursday) ⏰ 10.00am – 6.00pm Whether you’re a baking enthusiast or simply",verified_at | verified_by | cost_one_off_sgd | planning_area | age_min | age_max | beginner_friendly | join_alone_ok | guest_allowed,6,,,,
SOC-0592ee6d0887,public_telegram_candidate,Alpha Fitness Workouts,https://t.me/alphaworkout/979,https://t.me/alphaworkout/979,Rolling Good Times,Alpha Fitness Workouts,,,Punggol,23 Dec,2pm | 3pm | 4pm,,,fitness | dance | sport,"Rolling Good Times ↙️ New run at North zone ↗️ 📍 Toa Payoh Central CC, #05-05 🗓️ 23 Dec - Tuesday 🔜 2pm, 3pm, 4pm ●●● H‌o‌w‌ ‌t‌o‌ ‌B‌o‌o‌k‌ ‌o‌n‌ ‌H‌3‌6‌5‌ ‌a‌p‌p‌ 👀 Click Explore (bottom of home page) 👆 Click on Events 🔎 Search 'Rolling' or F25022 🕒 Select preferred venue & tim",verified_at | verified_by | cost_one_off_sgd | planning_area | age_min | age_max | beginner_friendly | join_alone_ok | guest_allowed,6,,,,
SOC-097049a72a04,public_telegram_candidate,Home of Team Nila,https://t.me/teamnila/991,https://go.gov.sg/tn-ps26-basketball | https://t.me/teamnila/991,[Volunteering Opportunity],Home of Team Nila,,,Punggol,10 Jul | 12 Jul | 13 Jul,6.15pm | 10.45pm | 8.15am | 1.45pm,,,sport | volunteering | youth,[Volunteering Opportunity] 🚨 Urgent Recruitment 🚨 Be part of the exciting action at courtside for Pesta Sukan Basketball 🏀 📍 Clementi Sports Hall Date: 10 Jul (Fri) 6.15pm - 10.45pm (5 slots) 12 Jul (Sun) 8.15am - 1.45pm (5 slots) 13 Jul (Mon) 6.15pm - 10.45pm (5 slots) Sign up h,verified_at | verified_by | cost_one_off_sgd | planning_area | age_min | age_max | beginner_friendly | join_alone_ok | guest_allowed,6,,,,
SOC-0a4f156bcb92,public_telegram_candidate,Home of Team Nila,https://t.me/teamnila/994,https://t.me/teamnila/994,[Volunteering Opportunity],Home of Team Nila,,,Punggol,11 Jul,2pm | 10pm | 3pm,,,sport | volunteering | youth,"[Volunteering Opportunity] 🚨 Urgent Recruitment - for today 🚨 National 3X3 League @ Clarke Quay 📍 CQ @ Clarke Quey Date: • 11 Jul (Sat) 2pm - 10pm or 3pm - 10pm Attire: • Team Nila shirt, bermuda/long pant, covered shoes ==== closed ====",verified_at | verified_by | cost_one_off_sgd | planning_area | age_min | age_max | beginner_friendly | join_alone_ok | guest_allowed,6,,,,
SOC-0a53f01658d9,public_telegram_candidate,Gek Poh Central Residents' Network,https://t.me/gekpohcentral/872,https://t.me/gekpohcentral/872,"Wanna catch some large-scale Chinese lanturns display with cultural performances, good streets and bazaars?",Gek Poh Central Residents' Network,,,Jurong West,12 September 2026,4pm | 10pm,,,arts | sport | workshops | community,"Wanna catch some large-scale Chinese lanturns display with cultural performances, good streets and bazaars? Join us to Gardens By The Bay on the 12 September 2026, 4pm - 10pm! Tickets available at interim Gek Poh Ville CC.",verified_at | verified_by | cost_one_off_sgd | planning_area | age_min | age_max | beginner_friendly | join_alone_ok | guest_allowed,6,,,,
SOC-1222214c3688,public_telegram_candidate,OPEN JIO,https://t.me/OpenJio/2033,https://t.me/OpenJio/2033,At the SAME TABLE: 55 Recipes from Singapore's migrants,OPEN JIO,,,,30 Aug | Aug 26,4pm | 6pm,FOC,,youth | books | arts | community | wellbeing,"At the SAME TABLE: 55 Recipes from Singapore's migrants 🥘What are the stories behind Singapore's migrant community? At the Same Table is a collection of receipes and stories shared by migrant and domestic workers, the community whose tireless efforts support us daily and build Si",verified_at | verified_by | planning_area | age_min | age_max | beginner_friendly | join_alone_ok | guest_allowed,6,,,,
SOC-12b5888ca04c,public_telegram_candidate,Alpha Fitness Workouts,https://t.me/alphaworkout/971,https://t.me/alphaworkout/971,"One More Time, Rolling Good Times!",Alpha Fitness Workouts,,,Punggol,11 November,2pm | 3pm | 4pm,,,fitness | dance | sport,"One More Time, Rolling Good Times! ↙️ New run at East zone ↗️ 📍 Pasir Ris Elias CC, Multi-purpose hall L2 🗓️ 11 November - Tuesday 🕙 2pm, 3pm, 4pm ●●● H̼o̼w̼ ̼t̼o̼ ̼B̼o̼o̼k̼ ̼o̼n̼ ̼H̼3̼6̼5̼ ̼a̼p̼p̼ 🧐 Click Explore (bottom of home page) 👆 Click on Events 🔎 Search 'Rolling' ⌚ Selec",verified_at | verified_by | cost_one_off_sgd | planning_area | age_min | age_max | beginner_friendly | join_alone_ok | guest_allowed,6,,,,
SOC-20f3d1182618,public_telegram_candidate,Home of Team Nila,https://t.me/teamnila/1002,https://t.me/teamnila/1002,[Volunteer Opportunity] 🏀 FIBA 3x3 Women’s Series Singapore Stop & Singapore Challenger 2026 Location: *SCAPE / Jen Hote,Home of Team Nila,,,Punggol,12 Aug | 13 Aug | 14 Aug | 15 Aug | 16 Aug,10am | 10pm,,,sport | volunteering | youth,[Volunteer Opportunity] 🏀 FIBA 3x3 Women’s Series Singapore Stop & Singapore Challenger 2026 Location: *SCAPE / Jen Hotel Orchard • 12 Aug (Wed) 10am - 10pm • 13 Aug (Thurs) 10am - 10pm • ⁠14 Aug (Fri) 10am - 10pm • ⁠15 Aug (Sat) 10am - 10pm • ⁠16 Aug…More slots added!,verified_at | verified_by | cost_one_off_sgd | planning_area | age_min | age_max | beginner_friendly | join_alone_ok | guest_allowed,6,,,,
SOC-218cf1a0e1ae,public_telegram_candidate,Taman Jurong Kakis,https://t.me/TamanJurongCC/962,https://t.me/TamanJurongCC/962 | http://go.gov.sg/tjcsnrjlg10,🏃‍♂️ Run @ Jurong Lake Gardens 🏃‍♀️,Taman Jurong Kakis,,,Jurong West,19 July 2026,8:00am,,,community | performances | workshops | wellbeing,"🏃‍♂️ Run @ Jurong Lake Gardens 🏃‍♀️ It’s all about having fun, getting active, and making new friends along the way! 🌿✨ Join us for an energising morning run: 🗓️ Date: Sunday, 19 July 2026 ⏰ Time: 8:00am 📍 Gathering Point: *Lakeside MRT station* 🏞️ Route: Jurong Lake Gardens 📏 Di",verified_at | verified_by | cost_one_off_sgd | planning_area | age_min | age_max | beginner_friendly | join_alone_ok | guest_allowed,6,,,,
SOC-241b9afa31ed,public_telegram_candidate,Alpha Fitness Workouts,https://t.me/alphaworkout/975,https://t.me/alphaworkout/975,"One More Time, Rolling Good Times!",Alpha Fitness Workouts,,,Punggol,19 November,4pm | 5pm | 6pm,,,fitness | dance | sport,"One More Time, Rolling Good Times! ↙️ New run at Central zone ↗️ 📍 Tiong Bahru Plaza, Level 4 event space 🗓️ 19 November - Wednesday 🕒 4pm, 5pm, 6pm ●●● H̼o̼w̼ ̼t̼o̼ ̼B̼o̼o̼k̼ ̼o̼n̼ ̼H̼3̼6̼5̼ ̼a̼p̼p̼ 👀 Click Explore (bottom of home page) 👆 Click on Events 🔎 Search 'Rolling' 🕒 Sel",verified_at | verified_by | cost_one_off_sgd | planning_area | age_min | age_max | beginner_friendly | join_alone_ok | guest_allowed,6,,,,
SOC-24d52786be51,public_telegram_candidate,Gek Poh Central Residents' Network,https://t.me/gekpohcentral/859,https://t.me/gekpohcentral/859,Are you a Blue CHAS card holder?,Gek Poh Central Residents' Network,,,Jurong West,8 August 2026,1.45pm | 3pm,,,arts | sport | workshops | community,Are you a Blue CHAS card holder? South West CDC & 好人好事 will be organising a Mobile Groceries distribution just for you! Come on down to Gek Poh Ville CC (Blk 760) to register! Groceries redemption details: Venue: Blk 760B MPH Date: 8 August 2026 Time: 1.45pm to 3pm Pre-regitratio,verified_at | verified_by | cost_one_off_sgd | planning_area | age_min | age_max | beginner_friendly | join_alone_ok | guest_allowed,6,,,,
SOC-2ff31e69b883,public_telegram_candidate,Home of Team Nila,https://t.me/teamnila/1009,https://t.me/teamnila/1009 | https://go.gov.sg/antica2026,[Volunteer Opportunity],Home of Team Nila,,,Punggol,21 Aug | 3 Aug,9am | 4pm | 3pm | 10pm,,,sport | volunteering | youth,"[Volunteer Opportunity] 🏸Antica Singapore International Challenge (International Badminton tournament sanctioned by Badminton world Federation BWF) Location: Singapore WYSC Active Hub Premier Hall (Perennial Business City, Jurong East area) • 18-21 Aug (Mon-Fri) AM shifts: 9am - ",verified_at | verified_by | cost_one_off_sgd | planning_area | age_min | age_max | beginner_friendly | join_alone_ok | guest_allowed,6,,,,
SOC-397a617522b3,public_telegram_candidate,OPEN JIO,https://t.me/OpenJio/2043,https://t.me/OpenJio/2043 | http://tiny.cc/lepakconvo29Aug,"🍃 Jemput Ber-jamu: Conversations Over Jamu, Career & Cancer",OPEN JIO,,,,29 August 2026,10.30am | 1.30pm,$10,,youth | books | arts | community | wellbeing,"🍃 Jemput Ber-jamu: Conversations Over Jamu, Career & Cancer How might young women navigate their health, careers and aspirations when life doesn’t go as planned? Join us for a warm Saturday over jamu, kuih and honest conversations as we explore women’s health, wellness and the re",verified_at | verified_by | planning_area | age_min | age_max | beginner_friendly | join_alone_ok | guest_allowed,6,,,,
SOC-399769c9d471,public_telegram_candidate,Alpha Fitness Workouts,https://t.me/alphaworkout/1012,https://t.me/alphaworkout/1012 | https://www.eventbrite.sg/e/atas-together-fitness-workshops-tickets-1998839092533?aff=ebdssbdestsearch,👏 Something exciting is coming this 𝐍𝐨𝐯𝐞𝐦𝐛𝐞𝐫!,Alpha Fitness Workouts,,,Punggol,15 November 2026,8:45AM | 1:30PM,,,fitness | dance | sport,"👏 Something exciting is coming this 𝐍𝐨𝐯𝐞𝐦𝐛𝐞𝐫! Come 𝐀𝐓𝐀𝐒𝟐𝐠𝐞𝐭𝐡𝐞𝐫 for a morning of movement, learning and fresh fitness experiences! Featuring 🐹K House & K Shuffle 🐹 K-Kardio 🐹 Body Revived 🐹 Chair Zumba Gold 4 workshops. One morning. Plenty of good vibes! Check out the post below a",verified_at | verified_by | cost_one_off_sgd | planning_area | age_min | age_max | beginner_friendly | join_alone_ok | guest_allowed,6,,,,
SOC-3ab4fe2a1862,public_telegram_candidate,OneBoonLay,https://t.me/oneboonlay/3941,https://t.me/oneboonlay/3941,🐱 Need help applying for your cat’s licence? We’re here to assist!,OneBoonLay,,,Jurong West,26 August 2026,10.00am | 12.00pm,,,community | arts | performances | workshops | youth,🐱 Need help applying for your cat’s licence? We’re here to assist! Residents of West Coast–Jurong West GRC can drop by our Cat Licensing Assistance sessions with the following: ✅ Singpass login ✅ Your cat’s microchip number ✅ A photo of your cat 📅 25 & 26 August 2026 ⏰ 10.00am to,verified_at | verified_by | cost_one_off_sgd | planning_area | age_min | age_max | beginner_friendly | join_alone_ok | guest_allowed,6,,,,
SOC-3aeb4a68d8c7,public_telegram_candidate,Home of Team Nila,https://t.me/teamnila/1008,https://t.me/teamnila/1008 | https://go.gov.sg/sgfencing-sgjuniortrials2-tn | https://go.gov.sg/sgfencing-sgseniortrials-tn | https://go.gov.sg/sgfencing-sgopen-tn | https://go.gov.sg/sgfencing-sgjunioropen-tn | https://go.gov.sg/sgfencing-sgcadetopen-tn,[Volunteer Opportunity],Home of Team Nila,,,Punggol,15 Aug | 16 Aug | 22 Aug | 23 Aug | 5 Sep | 6 Sep | 7 Sep | 8 Sep | 12 Sep | 13 Sep,8am | 5pm,,,sport | volunteering | youth,[Volunteer Opportunity] 🤺 Upcoming Fencing Singapore Events Location: Singapore Sports School 1⃣ Singapore Junior Trials 2 • 15 Aug (Sat) 8am - 5pm • 16 Aug (Sun) 8am - 5pm Sign up now via https://go.gov.sg/sgfencing-sgjuniortrials2-tn 2⃣ Singapore Senior Trials • 22 Aug (Sat) 8a,verified_at | verified_by | cost_one_off_sgd | planning_area | age_min | age_max | beginner_friendly | join_alone_ok | guest_allowed,6,,,,
SOC-4467aa23870b,public_telegram_candidate,Home of Team Nila,https://t.me/teamnila/1027,https://t.me/teamnila/1027 | http://volunteer.gov.sg/,[Training Opportunity],Home of Team Nila,,,Punggol,17 Oct 2026,9.15am | 12.15pm,,,sport | volunteering | youth,"[Training Opportunity] Yo, Team Nila! 💜 Join our CPR + AED Certification Course in partnership with the Singapore Heart Foundation, and equip yourself with essential lifesaving skills through hands-on practice and guidance from certified instructors! Date: 17 Oct 2026, Saturday T",verified_at | verified_by | cost_one_off_sgd | planning_area | age_min | age_max | beginner_friendly | join_alone_ok | guest_allowed,6,,,,
SOC-44e7a82085b2,public_telegram_candidate,BAGUS Together,https://t.me/bagustogether/636,https://forms.gle/5Vqja2WPfvacWixF7 | https://www.instagram.com/oursingaporestories/ | https://t.me/bagustogether/636,Still exploring your career path? 🚀✨,BAGUS Together,,,Punggol,12 July,10:00 AM | 6:00 PM,,,youth | coding | volunteering | cycling | community,"Still exploring your career path? 🚀✨ In collaboration with Profectus Education, OurSingaporeStories is launching the inaugural Wayfinders Programme ⛵ — a one-day experience that helps youths explore diverse career opportunities, gain industry insights, and build the confidence an",verified_at | verified_by | cost_one_off_sgd | planning_area | age_min | age_max | beginner_friendly | join_alone_ok | guest_allowed,6,,,,
SOC-492c962fa44a,public_telegram_candidate,Gek Poh Central Residents' Network,https://t.me/gekpohcentral/844,https://t.me/gekpohcentral/844,GPC I Walk The Talk #7,Gek Poh Central Residents' Network,,,Jurong West,1 August 2026,1pm,,,arts | sport | workshops | community,GPC I Walk The Talk #7 Stadium - Circuit Rd Hawker Centre Date: 1 August 2026 (Sat) Time: 730am to 1pm Distance: 5.5km Difficulty: 3/5 Soak in the 🇸🇬 National Day vibes! Tickets avaliable at interim Gek Poh Ville CC at Block 760.,verified_at | verified_by | cost_one_off_sgd | planning_area | age_min | age_max | beginner_friendly | join_alone_ok | guest_allowed,6,,,,
SOC-4f176c4d7493,public_telegram_candidate,Alpha Fitness Workouts,https://t.me/alphaworkout/1000,https://t.me/alphaworkout/1000,Gerak-Gerak Geylang is back on 2nd May!,Alpha Fitness Workouts,,,Punggol,2nd May,9am | 10am,,,fitness | dance | sport,Gerak-Gerak Geylang is back on 2nd May! Join us at Wisma Geylang Serai every weekend 9am-10am. See you there! Saturday 🕺Bollybeats by Coach Rumi & Nora Sunday 💃 Zumba by Coach Tia,verified_at | verified_by | cost_one_off_sgd | planning_area | age_min | age_max | beginner_friendly | join_alone_ok | guest_allowed,6,,,,
SOC-53d4833f6f30,public_telegram_candidate,Home of Team Nila,https://t.me/teamnila/999,https://t.me/teamnila/999,🚨 Urgent recruitment 🚨,Home of Team Nila,,,Punggol,18 Jul | 19 Jul,1.30pm | 9pm | 7.30am | 2pm | 7.30pm | 8am | 1pm | 7pm,,,sport | volunteering | youth,"🚨 Urgent recruitment 🚨 🤽‍♀️ Water Polo - 5 slots Location: Our Tampines Hub Date & Time: 18 Jul (1.30pm - 9pm) 🚣 Dragon Boat - 7 slots each Location: Bedok Reservoir Date & Time: 19 Jul (7.30am - 2pm, 1.30pm - 7.30pm) 🏐 Beach Volleyball - 3 slots each Location: Yio Chu Kang Beach",verified_at | verified_by | cost_one_off_sgd | planning_area | age_min | age_max | beginner_friendly | join_alone_ok | guest_allowed,6,,,,
SOC-56650970c99d,public_telegram_candidate,BAGUS Together,https://t.me/bagustogether/645,https://t.me/bagustogether/645 | https://www.instagram.com/iuec.sg/ | https://forms.gle/hzmv3gunuX5W262T9,IUEC KICKSTARTS 2026 is here! 🌱,BAGUS Together,,,Punggol,15 Aug 2026 | 8 August,10.30am | 12pm,,,youth | coding | volunteering | cycling | community,IUEC KICKSTARTS 2026 is here! 🌱 Calling all university students! Ever wondered what happens when you put a bunch of sustainability students in the same room? Now's your chance! Join IUEC Kickstarts for a chill evening of: - Meeting fellow eco-nerds (affectionate) - Fun games (yes,verified_at | verified_by | cost_one_off_sgd | planning_area | age_min | age_max | beginner_friendly | join_alone_ok | guest_allowed,6,,,,
SOC-5ab752f31aec,public_telegram_candidate,Gek Poh Central Residents' Network,https://t.me/gekpohcentral/858,https://t.me/gekpohcentral/858,Hello residents! Our estate National Day decoration will happen today at 1pm! 🇸🇬,Gek Poh Central Residents' Network,,,Jurong West,25 July 2026,1pm,,,arts | sport | workshops | community,Hello residents! Our estate National Day decoration will happen today at 1pm! 🇸🇬 Meeting point: Blk 760 Kampung Café Date: 25 July 2026 (Sat) Time: 1pm Bring your water to hydrate yourself! 💧,verified_at | verified_by | cost_one_off_sgd | planning_area | age_min | age_max | beginner_friendly | join_alone_ok | guest_allowed,6,,,,
SOC-5b5ea875949d,public_telegram_candidate,Alpha Fitness Workouts,https://t.me/alphaworkout/995,https://t.me/alphaworkout/995,😱 Are you tired of feeling stuck in the dance fitness trenches? 🤔,Alpha Fitness Workouts,,,Punggol,21 March,1PM | 6PM,,,fitness | dance | sport,"😱 Are you tired of feeling stuck in the dance fitness trenches? 🤔 - Second-guessing counts? - Missing phrase changes? - Cueing transitions like a total newbie? Ready to level up your dance fitness skills? 😊 Limited spots available – sign up now! 👉 Join us Sunday, 21 March (1PM–6P",verified_at | verified_by | cost_one_off_sgd | planning_area | age_min | age_max | beginner_friendly | join_alone_ok | guest_allowed,6,,,,
SOC-5c52c6b2a460,public_telegram_candidate,Home of Team Nila,https://t.me/teamnila/1003,https://t.me/teamnila/1003,🚨 [URGENT RECRUITMENT],Home of Team Nila,,,Punggol,25 July,9am | 6pm,,,sport | volunteering | youth,🚨 [URGENT RECRUITMENT] ⛵️ Pesta Sukan Sailing 25 July 9am - 6pm (5 slots available) 📍National Sailing Centre Reach out to @crhexyl if you are available 💜,verified_at | verified_by | cost_one_off_sgd | planning_area | age_min | age_max | beginner_friendly | join_alone_ok | guest_allowed,6,,,,
SOC-5df68cb44ff2,public_telegram_candidate,Home of Team Nila,https://t.me/teamnila/1025,https://go.gov.sg/tn-aacs3finale | https://t.me/teamnila/1025,[Volunteering Opportunity],Home of Team Nila,,,Punggol,5 Sep,11am | 6pm,,,sport | volunteering | youth,"[Volunteering Opportunity] 🎽 ActiveSG Athletics Club Season 3 Finale Volunteers will be tasked with various roles, including registration, station masters and crowd control. 📅 Date: 5 Sep (Sat) 🕚 Shift Time: 11am - 6pm (lunch will be provided) 📍 Location: Hougang Stadium Sign up ",verified_at | verified_by | cost_one_off_sgd | planning_area | age_min | age_max | beginner_friendly | join_alone_ok | guest_allowed,6,,,,
SOC-6160fa801387,public_telegram_candidate,Taman Jurong Kakis,https://t.me/TamanJurongCC/979,https://go.gov.sg/tjsg61ndc | https://t.me/TamanJurongCC/979,✨ Taman Jurong National Day Carnival: Booths You Can't Miss!,Taman Jurong Kakis,,,Jurong West,2 August 2026,3.00pm | 6.30pm,,,community | performances | workshops | wellbeing,✨ Taman Jurong National Day Carnival: Booths You Can't Miss! Swipe through to get a sneak peek of some of the exciting carnival booths we've prepared just for you! 👀 🧷 Design your own Singapore Collage Badge with our beloved Taman Jurong Buffy 🌿 Get adorned with beautiful Henna P,verified_at | verified_by | cost_one_off_sgd | planning_area | age_min | age_max | beginner_friendly | join_alone_ok | guest_allowed,6,,,,
SOC-6c80a330d47f,public_telegram_candidate,OPEN JIO,https://t.me/OpenJio/2063,https://t.me/OpenJio/2063 | https://wardahbooks.com/products/session-with-author-diana-rahim,"Session with Author Diana Rahim, We Saw Mountains",OPEN JIO,,,,10 Sept 2026,8pm,$5,,youth | books | arts | community | wellbeing,"Session with Author Diana Rahim, We Saw Mountains Through these visionary tales, Diana Rahim, whose stories have been featured in Best New Singaporean Short Stories and The Best of World SF asks, can we do things differently? Can we imagine a different kind of life?👀 We Saw Mount",verified_at | verified_by | planning_area | age_min | age_max | beginner_friendly | join_alone_ok | guest_allowed,6,,,,
SOC-6e05cd76e917,public_telegram_candidate,Taman Jurong Kakis,https://t.me/TamanJurongCC/958,https://t.me/TamanJurongCC/958,⚽️ THE FINAL ROUND OF 16 SHOWDOWN! ⚽️,Taman Jurong Kakis,,,Jurong West,8 July 2026,4.00am,,,community | performances | workshops | wellbeing,⚽️ THE FINAL ROUND OF 16 SHOWDOWN! ⚽️ 🇨🇭 Switzerland vs 🇨🇴 Colombia marks the final Round of 16 clash—and the last ticket to the Quarter-finals is up for grabs! Join us LIVE on the big screen for an action-packed early morning as two determined sides battle it out for a place in ,verified_at | verified_by | cost_one_off_sgd | planning_area | age_min | age_max | beginner_friendly | join_alone_ok | guest_allowed,6,,,,
SOC-765f620b97ae,public_telegram_candidate,Gek Poh Central Residents' Network,https://t.me/gekpohcentral/845,https://t.me/gekpohcentral/845 | http://go.gov.sg/jsgpndoc2026,"Dear Residents, join us in for our upcoming National Day Observance Ceremony and Mass Walk on 9th August 2026 (Sunday) a",Gek Poh Central Residents' Network,,,Jurong West,9th August 2026,7am | 10am | 6pm,,,arts | sport | workshops | community,"Dear Residents, join us in for our upcoming National Day Observance Ceremony and Mass Walk on 9th August 2026 (Sunday) at Jurong Spring CC! 1-Way Bus Transportation would be provided for Gek Poh residents at 7am to go to Jurong Spring CC for the event, from Gek Poh Ville CC / Blo",verified_at | verified_by | cost_one_off_sgd | planning_area | age_min | age_max | beginner_friendly | join_alone_ok | guest_allowed,6,,,,
SOC-7a12d773f3cb,public_telegram_candidate,Home of Team Nila,https://t.me/teamnila/990,https://t.me/teamnila/990 | https://go.gov.sg/cwa-strikeforcare-tn,[Volunteer Opportunity],Home of Team Nila,,,Punggol,18 Jul | 19 Jul,5pm | 10pm | 1pm | 6pm,,,sport | volunteering | youth,[Volunteer Opportunity] ⚽️ Strike for Care 2026 by Caregiving Welfare Association Location: Delta Sport Centre Set-up day: 18 Jul (Sat) 5pm - 10pm Event day: • 19 Jul (Sun) 1pm - 6pm Sign up now via https://go.gov.sg/cwa-strikeforcare-tn Note: • Only proceed with the registration,verified_at | verified_by | cost_one_off_sgd | planning_area | age_min | age_max | beginner_friendly | join_alone_ok | guest_allowed,6,,,,
SOC-7c09b45b0c6b,public_telegram_candidate,OPEN JIO,https://t.me/OpenJio/2031,https://t.me/OpenJio/2031 | https://theshoalco.com/seeds-of-change-circular-fashion-x-futures-triangle,The Shoal Co.’s Seeds of Change workshop: Circular Fashion with Futures Triangle,OPEN JIO,,,,16 Sept | Sept 26,6.30pm | 9.30pm,$30,,youth | books | arts | community | wellbeing,"The Shoal Co.’s Seeds of Change workshop: Circular Fashion with Futures Triangle What would it take to make circular fashion the norm in Singapore, rather than the exception? ♻️ Join them for an interactive workshop using future thinking tools to uncover the forces pushing us tow",verified_at | verified_by | planning_area | age_min | age_max | beginner_friendly | join_alone_ok | guest_allowed,6,,,,
SOC-8158d261cc78,public_telegram_candidate,Taman Jurong Kakis,https://t.me/TamanJurongCC/968,https://t.me/TamanJurongCC/968,🎉 Kampung Spirit Fiesta 2026 (Unity in Diversity),Taman Jurong Kakis,,,Jurong West,,5:30 PM | 8:00 PM,Free,,community | performances | workshops | wellbeing,"🎉 Kampung Spirit Fiesta 2026 (Unity in Diversity) Come celebrate the spirit of community at the Kampung Spirit Fiesta 2026! Join us for a vibrant evening of culture, games, and good food as we come together in the true kampung spirit. 🌏✨ 📅 5:30 PM – 8:00 PM | 184A Yung Sheng Road",verified_at | verified_by | planning_area | age_min | age_max | beginner_friendly | join_alone_ok | guest_allowed,6,,,,
SOC-85addf34d96c,public_telegram_candidate,Bishan Connects,https://t.me/bishancc/1150,https://t.me/bishancc/1150,📣 It’s Happening Today at Bishan Community Club!!! 🌿,Bishan Connects,,,Bishan,2 August 2026,9.00 AM | 2.00 PM,,,arts | sport | workshops | youth | community,"📣 It’s Happening Today at Bishan Community Club!!! 🌿 Looking for something fun and meaningful to do this weekend? Come on down to the SG Farmers’ Market and enjoy a morning filled with fresh, locally grown produce, delicious treats, and a chance to support our local farmers! 🥬🍅🥕 ",verified_at | verified_by | cost_one_off_sgd | planning_area | age_min | age_max | beginner_friendly | join_alone_ok | guest_allowed,6,,,,
SOC-8ac752e6e437,public_telegram_candidate,Alpha Fitness Workouts,https://t.me/alphaworkout/989,https://t.me/alphaworkout/989,Rolling Good Times☀️Fall Prevention with Strength Training,Alpha Fitness Workouts,,,Punggol,23 February,10am | 11am,,,fitness | dance | sport,"Rolling Good Times☀️Fall Prevention with Strength Training ↙️ North East Zone ↗️ 📍 Serangoon CC, MPH level 1 🗓️ 23 February - Monday 🔜 10am, 11am ●●● H̼o̼w̼ ̼t̼o̼ ̼B̼o̼o̼k̼ ̼o̼n̼ ̼H̼3̼6̼5̼ ̼a̼p̼p̼ 👀 Click Explore (bottom of home page) 👆 Click on Events 🔎 Search 'Rolling' or enter",verified_at | verified_by | cost_one_off_sgd | planning_area | age_min | age_max | beginner_friendly | join_alone_ok | guest_allowed,6,,,,
SOC-8d046dc92fa5,public_telegram_candidate,Gek Poh Central Residents' Network,https://t.me/gekpohcentral/863,https://t.me/gekpohcentral/863,"Hello! For our Challenge #8, we are heading to West Coast! 🌴🏖️",Gek Poh Central Residents' Network,,,Jurong West,22 August 2026,8am | 12pm,,,arts | sport | workshops | community,"Hello! For our Challenge #8, we are heading to West Coast! 🌴🏖️ Start: Pasir Panjang MRT Station End: 726 West Coast Market Square Distance: 6km Date: 22 August 2026 (Sat) Time: 8am - 12pm Tickets are available at interim Gek Poh Ville CC at Block 760.",verified_at | verified_by | cost_one_off_sgd | planning_area | age_min | age_max | beginner_friendly | join_alone_ok | guest_allowed,6,,,,
SOC-8ec02d0e04ae,public_telegram_candidate,OneBoonLay,https://t.me/oneboonlay/3946,https://t.me/oneboonlay/3946 | https://go.gov.sg/awnsbt,Looking to make a meaningful impact in our community? Join us to learn how you can help brighten a senior's day!,OneBoonLay,,,Jurong West,19 September 2026,9:30am | 1:00pm,,,community | arts | performances | workshops | youth,Looking to make a meaningful impact in our community? Join us to learn how you can help brighten a senior's day! Everyone especially young adults are welcome to learn practical skills for visiting seniors living alone. Date: 19 September 2026 Time: 9:30am – 1:00pm Venue: Boon Lay,verified_at | verified_by | cost_one_off_sgd | planning_area | age_min | age_max | beginner_friendly | join_alone_ok | guest_allowed,6,,,,
SOC-9743f7951dbf,public_telegram_candidate,Bishan Connects,https://t.me/bishancc/1170,https://t.me/bishancc/1170,🚀 Junior Entrepreneur Expo 2026 is BACK — by overwhelming demand! 🎉,Bishan Connects,,,Bishan,24 October 2026 | 26 September 2026,11:00 AM | 3:00 PM | 10:00 AM | 1:00 PM,,,arts | sport | workshops | youth | community,"🚀 Junior Entrepreneur Expo 2026 is BACK — by overwhelming demand! 🎉 Calling all young entrepreneurs! 🌟 📅 24 October 2026 (Saturday) ⏰ 11:00 AM – 3:00 PM After an amazing response, we’re excited to bring the Junior Entrepreneur Expo 2026 back! 💡💰 ⚠️ Limited slots available, so don",verified_at | verified_by | cost_one_off_sgd | planning_area | age_min | age_max | beginner_friendly | join_alone_ok | guest_allowed,6,,,,
SOC-97d8d748bb13,public_telegram_candidate,Home of Team Nila,https://t.me/teamnila/993,https://t.me/teamnila/993 | https://go.gov.sg/ntuchealth-football-tn | https://go.gov.sg/ntuchealth-luckytoss-tn,[Volunteer Opportunity],Home of Team Nila,,,Punggol,22 July | 24 July,10am | 11:30am,,,sport | volunteering | youth,[Volunteer Opportunity] 🥇 NTUC Health Senior Day Care GENLeague Team Nila will be supporting the GENLeague initiative by NTUC Health Senior Day Care. It is a modified Sports initiative that promotes active ageing and intergenerational connection. Role: To assist with the officiat,verified_at | verified_by | cost_one_off_sgd | planning_area | age_min | age_max | beginner_friendly | join_alone_ok | guest_allowed,6,,,,
SOC-a0166d1c9d5f,public_telegram_candidate,BAGUS Together,https://t.me/bagustogether/652,https://www.nyc.gov.sg/ | https://go.gov.sg/symposium2026 | https://nyc.gov.sg/ | https://t.me/bagustogether/652,"📢 Crossing Cultures, Creating Community📢",BAGUS Together,,,Punggol,12 September 2026 | 17 August,12pm | 5pm,,,youth | coding | volunteering | cycling | community,"📢 Crossing Cultures, Creating Community📢 Get ready for the inaugural Integration Symposium 2026, organised by the National Youth Council, bringing together local and international students, young working adults and community leaders for a day of cultural exchange, shared perspect",verified_at | verified_by | cost_one_off_sgd | planning_area | age_min | age_max | beginner_friendly | join_alone_ok | guest_allowed,6,,,,
SOC-a0a238dcdfe0,public_telegram_candidate,Home of Team Nila,https://t.me/teamnila/1022,https://go.gov.sg/affhyundaisemifinalsgvth15aug | https://t.me/teamnila/1022,[Event Opportunity],Home of Team Nila,,,Punggol,15 August 2026 | 12 Aug | 13 Aug,9.00pm | 7.00pm | 8.00pm | 5pm | 12pm,,,sport | volunteering | youth,[Event Opportunity] 🇸🇬⚽ ASEAN Championship Hyundai Cup 2026 – Semi-Finals Singapore 🇸🇬 vs Thailand 🇹🇭 Team Singapore takes on Thailand in the ASEAN Championship Hyundai Cup Semi-Finals! Come be part of the crowd and help create an energetic and impactful home-ground atmosphere as,verified_at | verified_by | cost_one_off_sgd | planning_area | age_min | age_max | beginner_friendly | join_alone_ok | guest_allowed,6,,,,
SOC-a1d2762d94f6,public_telegram_candidate,Bishan Connects,https://t.me/bishancc/1172,https://t.me/bishancc/1172 | https://go.gov.sg/besmcsnbriskwalk,🚶‍♂️🌿 Bi-Monthly Brisk Walk @ Sembawang Hot Spring Park! ♨️,Bishan Connects,,,Bishan,20 September 2026,8.00am | 1.00pm,,,arts | sport | workshops | youth | community,"🚶‍♂️🌿 Bi-Monthly Brisk Walk @ Sembawang Hot Spring Park! ♨️ Join us for a refreshing morning of brisk walking, nature and good company at Sembawang Hot Spring Park! 🌳😊 📅 Date: 20 September 2026 (Sunday) ⏰ Time: 8.00am – 1.00pm 📍 Meeting Point: Bishan CC 🚌 Bus Departure: 8.00am sh",verified_at | verified_by | cost_one_off_sgd | planning_area | age_min | age_max | beginner_friendly | join_alone_ok | guest_allowed,6,,,,
SOC-a6f34ca320bf,public_telegram_candidate,Home of Team Nila,https://t.me/teamnila/989,https://go.gov.sg/tn-fiba3x3-ws26 | https://t.me/teamnila/989,[Volunteer Opportunity],Home of Team Nila,,,Punggol,12 Aug | 13 Aug | 14 Aug | 15 Aug | 16 Aug,10am | 10pm,,,sport | volunteering | youth,[Volunteer Opportunity] 🏀 FIBA 3x3 Women’s Series Singapore Stop & Singapore Challenger 2026 Location: *SCAPE / Jen Hotel Orchard • 12 Aug (Wed) 10am - 10pm • 13 Aug (Thurs) 10am - 10pm • ⁠14 Aug (Fri) 10am - 10pm • ⁠15 Aug (Sat) 10am - 10pm • ⁠16 Aug (Sun) 10am - 10pm Sign up no,verified_at | verified_by | cost_one_off_sgd | planning_area | age_min | age_max | beginner_friendly | join_alone_ok | guest_allowed,6,,,,
SOC-ac2e4e9906e0,public_telegram_candidate,OneBoonLay,https://t.me/oneboonlay/3951,https://t.me/oneboonlay/3951 | https://go.gov.sg/swcommunityjobfair-nanyang | https://go.gov.sg/swcommunityjobfair-boonlay | https://qrco.de/KeatHong | http://go.gov.sg/swcdc-goodjobfairtele,Looking for job opportunities? Meet employers from diverse sectors and attend on-site interviews at 3 upcoming job fairs,OneBoonLay,,,Jurong West,27 Aug 2026 | 4 Sep 2026 | 5 Sep 2026,10am | 4pm,,,community | arts | performances | workshops | youth,Looking for job opportunities? Meet employers from diverse sectors and attend on-site interviews at 3 upcoming job fairs in the South West District: 📍 *South West Community Job Fair @ Nanyang CC [MINI JOB FAIR]* 📅 *27 Aug 2026 (Thu) | ⏰ 10am–4pm* 🔗 Register: https://go.gov.sg/swc,verified_at | verified_by | cost_one_off_sgd | planning_area | age_min | age_max | beginner_friendly | join_alone_ok | guest_allowed,6,,,,
SOC-ac9e1c244a39,public_telegram_candidate,OPEN JIO,https://t.me/OpenJio/2035,https://t.me/OpenJio/2035 | https://ourcommonground.com.sg/cnfc26-circles#aug,Common Ground Connecting Narratives for Change (CNFC) Circle One: Third Spaces Need Me & We w/ Joo Chiat Social Club,OPEN JIO,,,,16 Aug | Aug 26,2.30pm | 5pm,$22 | $35,,youth | books | arts | community | wellbeing,"Common Ground Connecting Narratives for Change (CNFC) Circle One: Third Spaces Need Me & We w/ Joo Chiat Social Club In this year’s CNFC, they are exploring what makes third spaces possible?🤔 Whether you work alongside spaces that bring communities together, a socially-oriented o",verified_at | verified_by | planning_area | age_min | age_max | beginner_friendly | join_alone_ok | guest_allowed,6,,,,
SOC-b24f46e39ea6,public_telegram_candidate,Gek Poh Central Residents' Network,https://t.me/gekpohcentral/853,https://t.me/gekpohcentral/853,Hello residents!,Gek Poh Central Residents' Network,,,Jurong West,25 July 2026,1pm,,,arts | sport | workshops | community,Hello residents! Join us in preparing our estate for National Day! 🇸🇬We will be putting up our State flag and banners to decorate our neighborhood! Meeting point: Blk 760 Kampung Café Date: 25 July 2026 (Sat) Time: 1pm Bring your water to hydrate yourself! 💧,verified_at | verified_by | cost_one_off_sgd | planning_area | age_min | age_max | beginner_friendly | join_alone_ok | guest_allowed,6,,,,
SOC-b2dd2ea3cfba,public_telegram_candidate,Taman Jurong Kakis,https://t.me/TamanJurongCC/996,https://t.me/TamanJurongCC/996 | http://go.gov.sg/tjcsnrjlg11,🏃‍♂️ Run @ Jurong Lake Gardens 🏃‍♀️,Taman Jurong Kakis,,,Jurong West,23 August 2026,8:00am,,,community | performances | workshops | wellbeing,"🏃‍♂️ Run @ Jurong Lake Gardens 🏃‍♀️ It’s all about having fun, getting active, and making new friends along the way! 🌿✨ Join us for an energising morning run: 🗓️ Date: Sunday, 23 August 2026 ⏰ Time: 8:00am 📍 Gathering Point: *Lakeside MRT station* 🏞️ Route: Jurong Lake Gardens 📏 ",verified_at | verified_by | cost_one_off_sgd | planning_area | age_min | age_max | beginner_friendly | join_alone_ok | guest_allowed,6,,,,
SOC-ba34167ae8c9,public_telegram_candidate,Home of Team Nila,https://t.me/teamnila/1005,https://go.gov.sg/sgfencing-cadettrials2-tn | https://t.me/teamnila/1005,[Volunteer Opportunity] 🤺 Fencing Singapore - Cadet Trials 2 Location: Singapore Sports School • 25 Jul (Sat) 8am - 5pm ,Home of Team Nila,,,Punggol,25 Jul | 26 Jul,8am | 5pm,,,sport | volunteering | youth,[Volunteer Opportunity] 🤺 Fencing Singapore - Cadet Trials 2 Location: Singapore Sports School • 25 Jul (Sat) 8am - 5pm • 26 Jul (Sun) 8am - 5pm Sign up now via https://go.gov.sg/sgfencing-cadettrials2-tn Note: • Only proceed with the registration if you…[Volunteer Opportunity - ,verified_at | verified_by | cost_one_off_sgd | planning_area | age_min | age_max | beginner_friendly | join_alone_ok | guest_allowed,6,,,,
SOC-c0ba3d96ec3b,public_telegram_candidate,NParks Buzz,https://t.me/nparksbuzz/2616,http://go.gov.sg/sbg-fcp-heritagefest2026 | https://t.me/nparksbuzz/2616,🍃 Singapore Botanic Gardens and Fort Canning Park Heritage Festival 2026 🍃,NParks Buzz,,,Jurong West | Punggol | Bishan,13 September 2026,9.00am | 10.00pm,,,nature | walking | gardening | volunteering,"🍃 Singapore Botanic Gardens and Fort Canning Park Heritage Festival 2026 🍃 Make this September one to remember at two of Singapore's most iconic green spaces! The Singapore Botanic Gardens and Fort Canning Park Heritage Festival is back, bringing you a variety of programmes such ",verified_at | verified_by | cost_one_off_sgd | planning_area | age_min | age_max | beginner_friendly | join_alone_ok | guest_allowed,6,,,,
SOC-ca89e84a7eab,public_telegram_candidate,Home of Team Nila,https://t.me/teamnila/1012,https://t.me/teamnila/1012 | https://go.gov.sg/tncheering-aug26,[Event Opportunity],Home of Team Nila,,,Punggol,5 Aug | 6 Aug | 7 Aug | 8 Aug | 9 Aug | 3 Aug 2026,6.30pm | 8pm | 5.30pm | 7pm | 2.30pm | 4pm | 11.59pm,,,sport | volunteering | youth,"[Event Opportunity] Yo, Team Nila! 💜 Come together in the stands and cheer on our Team Singapore Men’s U19 floorball athletes as they compete on home ground! 🇸🇬 Gather your family and friends, bring your loudest cheers and experience the thrill of international floorball live at ",verified_at | verified_by | cost_one_off_sgd | planning_area | age_min | age_max | beginner_friendly | join_alone_ok | guest_allowed,6,,,,
SOC-cb6552d40e8f,public_telegram_candidate,BAGUS Together,https://t.me/bagustogether/659,https://instagram.com/ukampungsg | http://tinyurl.com/ukampung26 | https://t.me/bagustogether/659,Looking to do something fun and meaningful over the weekend? 🫶🫶,BAGUS Together,,,Punggol,5 September 2026 | 29 Aug,4.30pm | 8.30pm,,,youth | coding | volunteering | cycling | community,"Looking to do something fun and meaningful over the weekend? 🫶🫶 UKampung is a charity fun fair for Singapore's UK (and EU) bound students and the public, featuring booths run by small local businesses selling F&B, games, trinkets, and more! Enjoy an evening of fun with your famil",verified_at | verified_by | cost_one_off_sgd | planning_area | age_min | age_max | beginner_friendly | join_alone_ok | guest_allowed,6,,,,
SOC-d002ee6cd9f8,public_telegram_candidate,Gek Poh Central Residents' Network,https://t.me/gekpohcentral/874,https://t.me/gekpohcentral/874,"Hello! For our Challenge #9, we are heading to Marina Barrage! 💧",Gek Poh Central Residents' Network,,,Jurong West,12 Sept 2026,8am,,,arts | sport | workshops | community,"Hello! For our Challenge #9, we are heading to Marina Barrage! 💧 Start: Marina Barrage End: Old Airport Rd FC Distance: 5.5km Date: 12 Sept 2026 (Sat) Time: 8am - 1230pm Tickets are available at interim Gek Poh Ville CC at Block 760.",verified_at | verified_by | cost_one_off_sgd | planning_area | age_min | age_max | beginner_friendly | join_alone_ok | guest_allowed,6,,,,
SOC-d327299a976d,public_telegram_candidate,Home of Team Nila,https://t.me/teamnila/995,https://t.me/teamnila/995 | https://go.gov.sg/tn-yrr26,[Volunteering Opportunity],Home of Team Nila,,,Punggol,20 Sep | 13 July,7am | 11am | 12pm,,,sport | volunteering | youth,"[Volunteering Opportunity] 🏃🏻‍♂️Yellow Ribbon Run 2026 Location: The Kallang • 20 Sep (Sun) 7am - 11am Registration opens: 13 July (Mon) 12pm at https://go.gov.sg/tn-yrr26 Note: • Only proceed with the registration if you can commit to the volunteering session(s), so that others ",verified_at | verified_by | cost_one_off_sgd | planning_area | age_min | age_max | beginner_friendly | join_alone_ok | guest_allowed,6,,,,
SOC-d4b292929bdb,public_telegram_candidate,Home of Team Nila,https://t.me/teamnila/1001,https://t.me/teamnila/1001 | https://go.gov.sg/scf-ocbcsingaporenationalmtbchampionships-tn,[Volunteering Opportunity],Home of Team Nila,,,Punggol,26 Jul,7:30am | 5pm,,,sport | volunteering | youth,[Volunteering Opportunity] 🚴‍♀ OCBC Singapore National MTB Championships 2026 Location: Sarimbun Scouts Camp • 26 Jul (Sun) 7:30am - 5pm Sign up now via https://go.gov.sg/scf-ocbcsingaporenationalmtbchampionships-tn Note: • Only proceed with the registration if you can commit to ,verified_at | verified_by | cost_one_off_sgd | planning_area | age_min | age_max | beginner_friendly | join_alone_ok | guest_allowed,6,,,,
SOC-d7b12bd91717,public_telegram_candidate,Home of Team Nila,https://t.me/teamnila/1014,https://t.me/teamnila/1014,[Volunteer Opportunity],Home of Team Nila,,,Punggol,7 Aug 2026,6pm | 12am,,,sport | volunteering | youth,"[Volunteer Opportunity] 🚨📣📣📣 Shout out shout out, for ♟♟♟ 24th ASEAN Age Group Chess Championship 2026♟♟♟ Volunteers Recruitment !!! Available slots for: *Date: 7 Aug 2026,Fri* *Shift: 1 - 6pm* *Slots to be filled: 2pax* *Venue: OTH, Auditorium* Reg close by 5Aug,12am. 💟 Thank yo",verified_at | verified_by | cost_one_off_sgd | planning_area | age_min | age_max | beginner_friendly | join_alone_ok | guest_allowed,6,,,,
SOC-dd3e78c75e83,public_telegram_candidate,Bishan Connects,https://t.me/bishancc/1164,https://t.me/bishancc/1164,🎹✨ Music is coming to Bishan East–Sin Ming! ✨🎶,Bishan Connects,,,Bishan,16 August 2026,4pm | 6pm,,,arts | sport | workshops | youth | community,🎹✨ Music is coming to Bishan East–Sin Ming! ✨🎶 Take a break from your Sunday afternoon and enjoy a live street performance by talented pianist Shayne Ko! 🎼❤️ 📅 16 August 2026 (Sunday) ⏰ 4pm – 6pm 📍 Between Junction 8 and Bishan Bus Interchange Come by with your family and friends,verified_at | verified_by | cost_one_off_sgd | planning_area | age_min | age_max | beginner_friendly | join_alone_ok | guest_allowed,6,,,,
SOC-ddbfd715ba64,public_telegram_candidate,Taman Jurong Kakis,https://t.me/TamanJurongCC/961,https://t.me/TamanJurongCC/961,⚽ UPCOMING MATCH SCREENING ⚽,Taman Jurong Kakis,,,Jurong West,10 July 2026,4.00am,,,community | performances | workshops | wellbeing,"⚽ UPCOMING MATCH SCREENING ⚽ The road to the Semi-finals begins here! 🇫🇷 France and 🇲🇦 Morocco go head-to-head in a blockbuster FIFA World Cup Quarter-final, with only one team earning the right to continue their journey towards football's biggest prize. 🔥 Gather your kakis, jio ",verified_at | verified_by | cost_one_off_sgd | planning_area | age_min | age_max | beginner_friendly | join_alone_ok | guest_allowed,6,,,,
SOC-de3c0362bad5,public_telegram_candidate,NParks Buzz,https://t.me/nparksbuzz/2601,https://t.me/nparksbuzz/2601 | http://go.gov.sg/lbtl,✨ Lights by the Lake is BACK!,NParks Buzz,,,Jurong West | Punggol | Bishan,19 Sep | 27 September 2026 | 4 October,6.30pm | 10.30pm,,,nature | walking | gardening | volunteering,"✨ Lights by the Lake is BACK! Last year, the tale of ""Journey to the West"" came to life at Lights by the Lake. This year, Jurong Lake Gardens will light up with 🐍 ""The Legend of the White Snake""! Think larger-than-life lanterns, light shows, live music, stargazing, carnival games",verified_at | verified_by | cost_one_off_sgd | planning_area | age_min | age_max | beginner_friendly | join_alone_ok | guest_allowed,6,,,,
SOC-de9ac53a4e75,public_telegram_candidate,BAGUS Together,https://t.me/bagustogether/658,https://t.me/bagustogether/658 | http://go.gov.sg/cooleryishun | https://www.instagram.com/our_sg/ | https://www.instagram.com/majuritysg/,"📢 Calling all residents who live, work, play or volunteer in Yishun! Join ""A Cooler Yishun, Together"", a Citizens’ Circl",BAGUS Together,,,Punggol,5 Sep | 12 Sep,11.30am | 6pm | 4.30pm,,,youth | coding | volunteering | cycling | community,"📢 Calling all residents who live, work, play or volunteer in Yishun! Join ""A Cooler Yishun, Together"", a Citizens’ Circle that brings Yishun residents together to learn how heat affects our neighbourhoods, discover how our communities can better adapt to hotter days, and turn ide",verified_at | verified_by | cost_one_off_sgd | planning_area | age_min | age_max | beginner_friendly | join_alone_ok | guest_allowed,6,,,,
SOC-dfb5af6e8151,public_telegram_candidate,OPEN JIO,https://t.me/OpenJio/2032,https://t.me/OpenJio/2032 | https://www.instagram.com/explore/tags/05/ | http://tiny.cc/JeoPROUDyVI,JeoPROUDy VI🥳,OPEN JIO,,,,16 Aug | Aug 26,7pm | 10pm,$5,,youth | books | arts | community | wellbeing,"JeoPROUDy VI🥳 Interested to join a queer trivia night and put your knowledge to test?🧐 Pit your wits against their questions, with both queer and non-queer topics: Some of the questions will be about social issues happening in our little red dot, such as LGBTQ knowledge (e.g., fi",verified_at | verified_by | planning_area | age_min | age_max | beginner_friendly | join_alone_ok | guest_allowed,6,,,,
SOC-e15780246973,public_telegram_candidate,Bishan Connects,https://t.me/bishancc/1163,https://t.me/bishancc/1163,🔥🇸🇬 LIONS WATCH PARTY! 🇸🇬🔥,Bishan Connects,,,Bishan,18 August 2026,9.00pm,,,arts | sport | workshops | youth | community,"🔥🇸🇬 LIONS WATCH PARTY! 🇸🇬🔥 Singapore takes on Thailand in the ASEAN Championship Hyundai Cup 2026! ⚽️ Come down to Bishan CC MPH and cheer our Lions on as they battle it out! 🦁❤️ 🇹🇭 Thailand vs Singapore 🇸🇬 📅 18 August 2026 (Tuesday) ⏰ 9.00pm 📍 Bishan CC MPH Bring your voice, wea",verified_at | verified_by | cost_one_off_sgd | planning_area | age_min | age_max | beginner_friendly | join_alone_ok | guest_allowed,6,,,,
SOC-e48ef0da8581,public_telegram_candidate,Alpha Fitness Workouts,https://t.me/alphaworkout/976,https://t.me/alphaworkout/976,Rolling Good Times ☀️,Alpha Fitness Workouts,,,Punggol,18 November,2pm,,,fitness | dance | sport,"Rolling Good Times ☀️ ↙️ New run at East zone ↗️ 📍 Pasir Ris Elias CC, level 2 hall 🗓️ 18 November - Tuesday 🔜 2pm - 9 slots left! ●●● H̼o̼w̼ ̼t̼o̼ ̼B̼o̼o̼k̼ ̼o̼n̼ ̼H̼3̼6̼5̼ ̼a̼p̼p̼ 👀 Click Explore (bottom of home page) 👆 Click on Events 🔎 Search 'Rolling' 🕒 Select preferred venu",verified_at | verified_by | cost_one_off_sgd | planning_area | age_min | age_max | beginner_friendly | join_alone_ok | guest_allowed,6,,,,
SOC-e4c5d6b246b1,public_telegram_candidate,Bishan Connects,https://t.me/bishancc/1174,https://t.me/bishancc/1174,📚✨ Exam Care Pack for Bishan East - Sin Ming Students! ✨📚,Bishan Connects,,,Bishan,13 September 2026,10am | 4pm,,,arts | sport | workshops | youth | community,"📚✨ Exam Care Pack for Bishan East - Sin Ming Students! ✨📚 Exams coming up? We’ve got you covered! 💪🎒 Bishan Youth Network is giving out Exam Care Packs to support students through the exam season! ❤️ 📅 12 & 13 September 2026 ⏰ 10am – 4pm 📍 Bishan Community Club, Multi-Purpose Hal",verified_at | verified_by | cost_one_off_sgd | planning_area | age_min | age_max | beginner_friendly | join_alone_ok | guest_allowed,6,,,,
SOC-e6835970024a,public_telegram_candidate,Bishan Connects,https://t.me/bishancc/1162,https://t.me/bishancc/1162,🔐 Protect Data. Respect Privacy. Build Trust.,Bishan Connects,,,Bishan,19 September 2026,3.00 PM | 5.30 PM,,,arts | sport | workshops | youth | community,🔐 Protect Data. Respect Privacy. Build Trust. Do you know your rights and responsibilities when it comes to personal data? Join us at Bishan Community Club for a practical Personal Data Protection Act (PDPA) Talk and learn how to better protect personal information in your everyd,verified_at | verified_by | cost_one_off_sgd | planning_area | age_min | age_max | beginner_friendly | join_alone_ok | guest_allowed,6,,,,
SOC-e69c38e58748,public_telegram_candidate,Home of Team Nila,https://t.me/teamnila/1024,https://go.gov.sg/sgsearegatta26 | https://t.me/teamnila/1024,[Volunteering Opportunity],Home of Team Nila,,,Punggol,6 Sep 2026 | 4 Sep,8.00am | 11.00pm,,,sport | volunteering | youth,"[Volunteering Opportunity] 🐉 Singapore Sea Regatta 2026 Join us at one of Singapore's most exciting dragon boat events. This year, SSR 2026 is raising awareness for dementia and honouring the caregivers who walk alongside persons living with dementia every step of the way. Held i",verified_at | verified_by | cost_one_off_sgd | planning_area | age_min | age_max | beginner_friendly | join_alone_ok | guest_allowed,6,,,,
SOC-e95678eb9678,public_telegram_candidate,Bishan Connects,https://t.me/bishancc/1166,https://form.gov.sg/6a13cd19354dbd94864fbbbe | https://t.me/bishancc/1166,"🌼 Cancer Beyond Hospital Walls: Raising Cancer Awareness, Growing Support 🌼",Bishan Connects,,,Bishan,3rd October 2026 | 25th September 2026,9:00 AM | 1:00 PM,,,arts | sport | workshops | youth | community,"🌼 Cancer Beyond Hospital Walls: Raising Cancer Awareness, Growing Support 🌼 Join us for Daffodil Day 2026, a community outreach event organised by Tan Tock Seng Hospital, Nursing Specialty Department. The event is dedicated to empowering individuals and families with knowledge on",verified_at | verified_by | cost_one_off_sgd | planning_area | age_min | age_max | beginner_friendly | join_alone_ok | guest_allowed,6,,,,
SOC-eae982ad5a7b,public_telegram_candidate,Gek Poh Central Residents' Network,https://t.me/gekpohcentral/866,https://t.me/gekpohcentral/866,♻️📰📚 Recycling Day 👕🎒👟,Gek Poh Central Residents' Network,,,Jurong West,11 August 2026,8am,,,arts | sport | workshops | community,♻️📰📚 Recycling Day 👕🎒👟 Employees from Koh Recycle will be heading to your doorstep to collect recyclables! View the flyer to see what recyclables are accepted. Date: 11 August 2026 (Tues) Time: 8am to 330pm Bag/ box up your recyclables and attach this flyer on it. Contact Ray at ,verified_at | verified_by | cost_one_off_sgd | planning_area | age_min | age_max | beginner_friendly | join_alone_ok | guest_allowed,6,,,,
SOC-eba36d47912b,public_telegram_candidate,Bishan Connects,https://t.me/bishancc/1153,https://t.me/bishancc/1153,✨ Bulan Bahasa 2026 is coming! ✨,Bishan Connects,,,Bishan,30 August 2026,10am | 6pm,,,arts | sport | workshops | youth | community,"✨ Bulan Bahasa 2026 is coming! ✨ Get ready for a weekend celebrating the Malay language and creativity, with a twist. 🌙💡 Held in conjunction with Raikan Ilmu 2026, this year’s Bulan Bahasa brings together language and technology through activities for the whole community. Look fo",verified_at | verified_by | cost_one_off_sgd | planning_area | age_min | age_max | beginner_friendly | join_alone_ok | guest_allowed,6,,,,
SOC-eca90ee8ce5d,public_telegram_candidate,Home of Team Nila,https://t.me/teamnila/992,https://go.gov.sg/tn-ps26-golf | https://t.me/teamnila/992,[Volunteering Opportunity],Home of Team Nila,,,Punggol,10 Jul | 11 Jul,6.20am | 3pm | 11am | 8pm,,,sport | volunteering | youth,[Volunteering Opportunity] 🚨 Urgent Recruitment 🚨 Be part of the exciting action at courtside for Pesta Sukan Golf 🏌‍♀️ 📍 Keppel Club Golf Course Date: 10 Jul (Fri) 6.20am - 3pm (4 slots) 11 Jul (Sat) 11am - 8pm (3 slots) Sign up here: https://go.gov.sg/tn-ps26-golf,verified_at | verified_by | cost_one_off_sgd | planning_area | age_min | age_max | beginner_friendly | join_alone_ok | guest_allowed,6,,,,
SOC-ed3a485bc3a6,public_telegram_candidate,OneBoonLay,https://t.me/oneboonlay/3963,https://t.me/oneboonlay/3963,"🎨✨ EXTENDED! More Time to Create, More Chances to Shine! ✨🎨",OneBoonLay,,,Jurong West,13 SEPTEMBER 2026,06:00PM,,,community | arts | performances | workshops | youth,"🎨✨ EXTENDED! More Time to Create, More Chances to Shine! ✨🎨 🗓️ NEW DEADLINE: 13 SEPTEMBER 2026 (SUNDAY), 06:00PM Calling all Boon Lay residents! 🌟 Your creativity deserves the spotlight — and we’re giving you more time to make it happen! 👜🎨 📣 The Boon Lay Tote Bag Design Competit",verified_at | verified_by | cost_one_off_sgd | planning_area | age_min | age_max | beginner_friendly | join_alone_ok | guest_allowed,6,,,,
SOC-f47f6fa121e7,public_telegram_candidate,OPEN JIO,https://t.me/OpenJio/2048,https://t.me/OpenJio/2048 | https://go.gov.sg/sdementiastory,🎬 Film Screening: A Singapore Dementia Story,OPEN JIO,,,,19 September 2026,10am | 12pm,Free,,youth | books | arts | community | wellbeing,"🎬 Film Screening: A Singapore Dementia Story What does living with dementia look like for individuals and families in Singapore? Join us for a meaningful morning of three short films based on the real stories of people living with dementia, followed by a sharing on dementia aware",verified_at | verified_by | planning_area | age_min | age_max | beginner_friendly | join_alone_ok | guest_allowed,6,,,,
SOC-fa8b7b15b7c0,public_telegram_candidate,Alpha Fitness Workouts,https://t.me/alphaworkout/1005,https://t.me/alphaworkout/1005,Happy Thursday everyone!,Alpha Fitness Workouts,,,Punggol,23 June | 28 July | 22 June | 29 July,7.30pm | 8.30pm | 7pm | 8pm,,,fitness | dance | sport,"Happy Thursday everyone! Start2Move is coming to the West! Venue: Jurong West Sport Centre Date: 23 June (Tue) - 28 July (Tue) Time: 7.30pm - 8.30pm Sign up on H365 with 'Start2Move' 🙂 Also, back by popular demand... Venue: Delta Sport Centre Date: 22 June (Mon) - 29 July (Tue) T",verified_at | verified_by | cost_one_off_sgd | planning_area | age_min | age_max | beginner_friendly | join_alone_ok | guest_allowed,6,,,,
SOC-fc6b7eed9c39,public_telegram_candidate,OPEN JIO,https://t.me/OpenJio/2045,https://t.me/OpenJio/2045 | https://epigrambookshop.sg/products/why-palestine-reflections-from-singapore | http://tiny.cc/mindthegapbooklaunch,Mind the Gap Book Launch by Ratna Damayanti Taha,OPEN JIO,,,,12 Sept | Sept 26,2pm | 4pm,FOC,,youth | books | arts | community | wellbeing,"Mind the Gap Book Launch by Ratna Damayanti Taha What does merit, success and access means from the lens of a minority🤔 This novel touches the theme on ambition, disillusionment and the quiet compromises people make in order to belong🥹 Moderated by Walid Jumblatt Abdullah (author",verified_at | verified_by | planning_area | age_min | age_max | beginner_friendly | join_alone_ok | guest_allowed,6,,,,
SOC-040fbdbad8b5,public_telegram_candidate,Home of Team Nila,https://t.me/teamnila/1020,https://t.me/teamnila/1020 | https://go.gov.sg/ltkivolleyballchamps-tn,[Volunteering Opportunity],Home of Team Nila,,,Punggol,23 August 2026,,,,sport | volunteering | youth,[Volunteering Opportunity] 🏐 Lui Tiow Kar International Volleyball Championship Volleyball Singapore will be partnering with Taman Jurong Community Sports Network to organise Lui Tiow Kar International Volleyball Championship 2026 Location: ITE College West Sports Hall Dates: 22 ,verified_at | verified_by | cost_one_off_sgd | planning_area | age_min | age_max | beginner_friendly | join_alone_ok | guest_allowed,5,,,,
SOC-07afd70972c4,public_telegram_candidate,BAGUS Together,https://t.me/bagustogether/653,https://t.me/bagustogether/653 | https://tinyurl.com/carepillarscourse,Here's a little something you can watch today or this weekend: A Free 10-minute communication course for caregivers!,BAGUS Together,,,Punggol,,,Free,,youth | coding | volunteering | cycling | community,Here's a little something you can watch today or this weekend: A Free 10-minute communication course for caregivers! Having trouble getting through to your care recipients or feeling a lot of resistance/friction in communicating with them? Caregiving can sometimes make conversati,verified_at | verified_by | planning_area | age_min | age_max | beginner_friendly | join_alone_ok | guest_allowed,5,,,,
SOC-17921c420b97,public_telegram_candidate,Home of Team Nila,https://t.me/teamnila/996,https://go.gov.sg/tn-ps26-handball | https://go.gov.sg/tn-ps26-petanque | https://go.gov.sg/tn-ps26-football | https://t.me/teamnila/996,[Volunteer Opportunity],Home of Team Nila,,,Punggol,25 Jul | 2 Aug,,,,sport | volunteering | youth,[Volunteer Opportunity] 🗣 CALLING ALL WESTIES Pesta Sukan Volunteer Recruitment This is your chance to contribute back to the local sports community! Date: 25 Jul - 2 Aug 🤾‍♂️ Handball (ActiveSG Sport Village @ Jurong Town) https://go.gov.sg/tn-ps26-handball 💟 Petanque (Jurong Ea,verified_at | verified_by | cost_one_off_sgd | planning_area | age_min | age_max | beginner_friendly | join_alone_ok | guest_allowed,5,,,,
SOC-3e25b195fc62,public_telegram_candidate,Bishan Connects,https://t.me/bishancc/1179,https://t.me/bishancc/1179 | http://go.gov.sg/bishanjuniorexpo?fbclid=IwcGRvZgFleHRuA2FlbQIxMABicmlkETE5bWxmSWdyUFJTV2NmNENqc3J0YwZhcHBfaWQQMjIyMDM5MTc4ODIwMDg5MgABHnkhOxIA5kLi8lPaYbW1lY6jUnMM3D62XyhU7UxaX_4IOk4sJyKtyJfXKH1y_aem_odENfQmPSlVPW-gFc7s1kw,Registration closes on 4 September!,Bishan Connects,,,Bishan,4 September | 10 September,,,,arts | sport | workshops | youth | community,"Registration closes on 4 September! Calling all Young Entrepreneurs! Don’t miss your chance to be part of the Bishan Junior Entrepreneur Expo! Sign up before registration closes. go.gov.sg/bishanjuniorexpo Selected teams will be notified by 10 September! Gather your team, bring y",verified_at | verified_by | cost_one_off_sgd | planning_area | age_min | age_max | beginner_friendly | join_alone_ok | guest_allowed,5,,,,
SOC-3e8614228508,public_telegram_candidate,BAGUS Together,https://t.me/bagustogether/616,https://t.me/bagustogether/616 | https://bit.ly/GU-transit,"⚡ LAST CALL, groundups. This is a nudge to register and join us at Groundup Transit happening next Saturday, 6 June!​",BAGUS Together,,,Punggol,6 June,,,,youth | coding | volunteering | cycling | community,"⚡ LAST CALL, groundups. This is a nudge to register and join us at Groundup Transit happening next Saturday, 6 June!​ We're taking it to the streets – literally, with a guided 2.4km walk and talk through the heart of the city having the kind of honest, energising conversations th",verified_at | verified_by | cost_one_off_sgd | planning_area | age_min | age_max | beginner_friendly | join_alone_ok | guest_allowed,5,,,,
SOC-56eb989059d5,public_telegram_candidate,Alpha Fitness Workouts,https://t.me/alphaworkout/969,https://t.me/alphaworkout/969,Hey friends! Thinking of starting your fitness journey? 🌟,Alpha Fitness Workouts,,,Punggol,,,free,,fitness | dance | sport,"Hey friends! Thinking of starting your fitness journey? 🌟 Join our new Start2Move trial sessions — a free 1 hour preview of our 6-week programme designed to help you move better and feel stronger! Try it out, feel the difference, then take the next step towards a healthier you. 💪",verified_at | verified_by | planning_area | age_min | age_max | beginner_friendly | join_alone_ok | guest_allowed,5,,,,
SOC-5916b8888cfa,public_telegram_candidate,Home of Team Nila,https://t.me/teamnila/1032,https://go.gov.sg/raikanilmuyayasanmendaki2026 | https://t.me/teamnila/1032,[Volunteering Opportunity],Home of Team Nila,,,Punggol,6 Sep 2026 | 20 Sep 2026 | 4 Oct 2026,,,,sport | volunteering | youth,"[Volunteering Opportunity] Railan Ilmu by Yayasan Mendaki ⚽ MENDAKI presents Raikan Ilmu (RI), its annual flagship movement that promotes lifelong learning and brings people together to learn, explore and grow through community-based experiences. Location & Date: Yishun Town Squa",verified_at | verified_by | cost_one_off_sgd | planning_area | age_min | age_max | beginner_friendly | join_alone_ok | guest_allowed,5,,,,
SOC-5f7aeb78941a,public_telegram_candidate,Home of Team Nila,https://t.me/teamnila/1006,https://t.me/teamnila/1006 | https://go.gov.sg/ivf-worldsprintchampionship-tn,[Volunteer Opportunity],Home of Team Nila,,,Punggol,29 Aug 2026,,,,sport | volunteering | youth,"[Volunteer Opportunity] 🛶 International Va'a Federation (IVF) World Sprint Championships 2026 Singapore is hosting the International Va'a Federation (IVF) World Sprint Championshipsfor the first time in Asia — welcoming over 3,000 athletes from 30+ countries for the largest outri",verified_at | verified_by | cost_one_off_sgd | planning_area | age_min | age_max | beginner_friendly | join_alone_ok | guest_allowed,5,,,,
SOC-671e7a6314da,public_telegram_candidate,BAGUS Together,https://t.me/bagustogether/654,https://t.me/bagustogether/654 | https://us.list-manage.com/nppo5ZXzAlW?e=0a4db39a1a&amp;c2id=2499e0c027542d1f338b32137d18dc19 | https://cas5-0-urlprotect.trendmicro.com/wis/clicktime/v1/query?url=https%3a%2f%2fwww.citruspractices.sg%2f2026%2dall&amp;umid=0467e4a7-9d83-11f1-b122-7ced8d6e9a11&amp;rct=1787332150&amp;auth=b0ed4b61b50903abeeb59213bf967caddab59884-d60776dff7961301882bed33f43c5f21de0d87e1,"What do care, kacang puteh 🫛, and karaoke 🎤 have to do with each other?",BAGUS Together,,,Punggol,30 Aug,,,,youth | coding | volunteering | cycling | community,"What do care, kacang puteh 🫛, and karaoke 🎤 have to do with each other? Come and find out in the second edition of CITRUS fest 🍋, where they're bringing together over 50 arts practitioners and workers who approach care as something accessible, light, and communal—not just a 'shou",verified_at | verified_by | cost_one_off_sgd | planning_area | age_min | age_max | beginner_friendly | join_alone_ok | guest_allowed,5,,,,
SOC-7022b87e0bf5,public_telegram_candidate,Home of Team Nila,https://t.me/teamnila/1029,https://t.me/teamnila/1029,"[VOLUNTEERING OPPORTUNITY] 🎾 Singapore Tennis Open 2026 is back! From 19 - 27 Sep, volunteers can be part of the action ",Home of Team Nila,,,Punggol,27 Sep,,,,sport | volunteering | youth,"[VOLUNTEERING OPPORTUNITY] 🎾 Singapore Tennis Open 2026 is back! From 19 - 27 Sep, volunteers can be part of the action to ensure the smooth running of this prestigious event! Sign up now: https://go.gov.sg/tn-sto2026 NOTE: Only proceed with registration…additional slots availabl",verified_at | verified_by | cost_one_off_sgd | planning_area | age_min | age_max | beginner_friendly | join_alone_ok | guest_allowed,5,,,,
SOC-71c2a5b58d24,public_telegram_candidate,Home of Team Nila,https://t.me/teamnila/1019,https://go.gov.sg/tn-sto2026 | https://t.me/teamnila/1019,[VOLUNTEERING OPPORTUNITY],Home of Team Nila,,,Punggol,27 Sep,,,,sport | volunteering | youth,"[VOLUNTEERING OPPORTUNITY] 🎾 Singapore Tennis Open 2026 is back! From 19 - 27 Sep, volunteers can be part of the action to ensure the smooth running of this prestigious event! Sign up now: https://go.gov.sg/tn-sto2026 NOTE: Only proceed with registration if you can commit to the ",verified_at | verified_by | cost_one_off_sgd | planning_area | age_min | age_max | beginner_friendly | join_alone_ok | guest_allowed,5,,,,
SOC-835aec351658,public_telegram_candidate,BAGUS Together,https://t.me/bagustogether/635,https://t.me/bagustogether/635 | https://afr-sg.com/ | https://luma.com/18nfaskv | https://www.instagram.com/_afrsg/,Looking for a meaningful way to spend your Saturday? 🌿💜,BAGUS Together,,,Punggol,11 July,,,,youth | coding | volunteering | cycling | community,"Looking for a meaningful way to spend your Saturday? 🌿💜 In collaboration with Reset Pilates, AFR-SG is hosting Outdoor Pilates: Move with Purpose. Spend an afternoon of movement, connection, and community wellness while raising awareness and support for refugee communities. 💜 All",verified_at | verified_by | cost_one_off_sgd | planning_area | age_min | age_max | beginner_friendly | join_alone_ok | guest_allowed,5,,,,
SOC-8c1ba5ec4815,public_telegram_candidate,Home of Team Nila,https://t.me/teamnila/1021,https://t.me/teamnila/1021 | https://go.gov.sg/sgfencing-asiancadetcup-tn,[Volunteering Opportunity],Home of Team Nila,,,Punggol,30 August 2026,,,,sport | volunteering | youth,"[Volunteering Opportunity] 🤺 Fencing Singapore - Asian Cadet Cup 2026 The Asian Cadet Cup 2026, organised by Fencing Singapore, is a regional fencing competition that brings together promising young cadet fencers from across Asia to compete at an international level. The event sh",verified_at | verified_by | cost_one_off_sgd | planning_area | age_min | age_max | beginner_friendly | join_alone_ok | guest_allowed,5,,,,
SOC-955f66e9de58,public_telegram_candidate,OneBoonLay,https://t.me/oneboonlay/3935,https://t.me/oneboonlay/3935,🚀 Blast off into a world of creativity! 🪐,OneBoonLay,,,Jurong West,,,$20 | $25 | $10,,community | arts | performances | workshops | youth,"🚀 Blast off into a world of creativity! 🪐 Calling all young space explorers! Join our Pop-Up Book Space Exploration workshop and learn how to create your very own 3D space scenes with planets, astronauts, rockets, and cute aliens! 👽✨ 📖 What you'll learn: ✅ Lift-the-flap features ",verified_at | verified_by | planning_area | age_min | age_max | beginner_friendly | join_alone_ok | guest_allowed,5,,,,
SOC-9dce2162c46b,public_telegram_candidate,Home of Team Nila,https://t.me/teamnila/1028,https://t.me/teamnila/1028 | https://go.gov.sg/vasnbs-tn,[Volunteering Opportunity],Home of Team Nila,,,Punggol,20 September,,,,sport | volunteering | youth,"[Volunteering Opportunity] ⛱️ National Beach Series 2 🏐 Volleyball Association of Singapore will be hosting their signature National Beach Series 2 in September 2026! Location: Yio Chu Kang Swimming Complex, Beach Courts Date: 13, 19, 20 September (Sat & Sun) Sign up now via http",verified_at | verified_by | cost_one_off_sgd | planning_area | age_min | age_max | beginner_friendly | join_alone_ok | guest_allowed,5,,,,
SOC-c347f6cbd7c7,public_telegram_candidate,Home of Team Nila,https://t.me/teamnila/1015,https://go.gov.sg/saaug26-tn | https://go.gov.sg/sasep26-tn | https://t.me/teamnila/1015,[Volunteering Opportunity],Home of Team Nila,,,Punggol,15 Aug 2026 | 30 Aug 2026 | 6 Sep 2026,,,,sport | volunteering | youth,[Volunteering Opportunity] 🏃‍♂️ Singapore Athletics Events 1⃣ Pocari Sweat (Stadium) Run 2026 Location: Home of Athletics Date: 15 Aug 2026 (Sat) Sign up now via https://go.gov.sg/saaug26-tn 2⃣ Age Group Championships (Week 1) Location: Home of Athletics Date: 28 - 30 Aug 2026 (F,verified_at | verified_by | cost_one_off_sgd | planning_area | age_min | age_max | beginner_friendly | join_alone_ok | guest_allowed,5,,,,
SOC-c3de4aac58cc,public_telegram_candidate,Home of Team Nila,https://t.me/teamnila/1013,https://t.me/teamnila/1013 | https://go.gov.sg/tn-siybo2026,[Volunteering Opportunity],Home of Team Nila,,,Punggol,17 Aug 2026,,,,sport | volunteering | youth,"[Volunteering Opportunity] Yo Team Nila! 💜 The Starlight International Youth Basketball Open (SIYBO) returns for its highly anticipated third edition this year. Volunteers will be involved in different roles (Airport Operations, Hotel Operations, Venue Operations). Dates: 12 - 17",verified_at | verified_by | cost_one_off_sgd | planning_area | age_min | age_max | beginner_friendly | join_alone_ok | guest_allowed,5,,,,
SOC-c44a67c1f2e7,public_telegram_candidate,BAGUS Together,https://t.me/bagustogether/646,https://t.me/bagustogether/646 | https://www.instagram.com/aliranbebasofficial/ | https://forms.cloud.microsoft/pages/responsepage.aspx?id=fx-ZZNZEjE2c1Hhi6MuUxgNaHq5jkxhEmm7phB_dLWFURE5QQVhMQVhSUTRRVFkwNlFSUlpFUUpDSi4u&amp;route=shorturl,Volunteer Recruitment: Tertiary Silat Championship (TSC) 2026,BAGUS Together,,,Punggol,13 September 2026,,,,youth | coding | volunteering | cycling | community,"Volunteer Recruitment: Tertiary Silat Championship (TSC) 2026 Hosted by Singapore Institute of Technology Silat Team and supported by Singapore Silat Federation, groundup Aliran Bebas is honoured to support the revival of the Tertiary Silat Championship (TSC) 2026. TSC is more th",verified_at | verified_by | cost_one_off_sgd | planning_area | age_min | age_max | beginner_friendly | join_alone_ok | guest_allowed,5,,,,
SOC-cc14be177c53,public_telegram_candidate,Home of Team Nila,https://t.me/teamnila/1007,https://t.me/teamnila/1007 | https://go.gov.sg/wfc-aofcq-tn,[Volunteer Opportunity],Home of Team Nila,,,Punggol,9 August 2026,,,,sport | volunteering | youth,"[Volunteer Opportunity] 🥅 Men's U19 World Floorball Championship 2027 AOFC Qualification From 5–9 August 2026, Singapore will host the Men's U19 World Floorball Championship 2027 AOFC Qualification at Our Tampines Hub, where the region's rising stars will battle for a place at th",verified_at | verified_by | cost_one_off_sgd | planning_area | age_min | age_max | beginner_friendly | join_alone_ok | guest_allowed,5,,,,
SOC-d8e1aac2d7d9,public_telegram_candidate,Taman Jurong Kakis,https://t.me/TamanJurongCC/973,http://go.gov.sg/tjc2026 | https://t.me/TamanJurongCC/973,🦉 How well do you really know the place you call home?,Taman Jurong Kakis,,,Jurong West,31 August 2026,,,,community | performances | workshops | wellbeing,"🦉 How well do you really know the place you call home? This SG61, we're inviting all Taman Jurong residents on a journey to explore and rediscover the community you call home through the TJ Challenge! Show your national pride by flying our flag high, and test your knowledge in th",verified_at | verified_by | cost_one_off_sgd | planning_area | age_min | age_max | beginner_friendly | join_alone_ok | guest_allowed,5,,,,
SOC-dc0e69d31252,public_telegram_candidate,Home of Team Nila,https://t.me/teamnila/988,https://go.gov.sg/limbangparkactiveday2026 | https://t.me/teamnila/988,[Volunteer Opportunity],Home of Team Nila,,,Punggol,5 July 2026 | 4 July 2026,,,,sport | volunteering | youth,"[Volunteer Opportunity] *🚩Urgent Recruitment 🚩* *Limbang Park Active Day*🎉🎉 *5 July 2026, Sun* *Sports games booth crews* Shift: 730am-1030am Slots limit: 7 slots only *Registration closes onl 4 July 2026, Saturday.* Sign up now via https://go.gov.sg/limbangparkactiveday2026",verified_at | verified_by | cost_one_off_sgd | planning_area | age_min | age_max | beginner_friendly | join_alone_ok | guest_allowed,5,,,,
SOC-dca944506e26,public_telegram_candidate,OneBoonLay,https://t.me/oneboonlay/3933,https://t.me/oneboonlay/3933 | https://www.catwelfare.org/pet-cat-sterilisation-form/,Update: registration has closed. Please find the alternative link for free ster n microchipping:,OneBoonLay,,,Jurong West,,,free,,community | arts | performances | workshops | youth,Update: registration has closed. Please find the alternative link for free ster n microchipping: https://www.catwelfare.org/pet-cat-sterilisation-form/ Free vaccination and microchipping for cats. 16/8/26 @Boon Lay CC Multi Purpose Hall (For blue chas cards holders n those under ,verified_at | verified_by | planning_area | age_min | age_max | beginner_friendly | join_alone_ok | guest_allowed,5,,,,
SOC-ed0807ba5f1a,public_telegram_candidate,Home of Team Nila,https://t.me/teamnila/1023,https://t.me/teamnila/1023 | https://go.gov.sg/fiba3x3-youthnationsleague26-tn,[Volunteering Opportunity],Home of Team Nila,,,Punggol,27 August 2026,,,,sport | volunteering | youth,[Volunteering Opportunity] 🏀 FIBA 3x3 Youth Nations League 2026 The FIBA 3×3 U23 Nations League 2026 is an international basketball competition featuring emerging U23 national teams from across the region. Be part of an event that has helped nurture future 3x3 stars who have gone,verified_at | verified_by | cost_one_off_sgd | planning_area | age_min | age_max | beginner_friendly | join_alone_ok | guest_allowed,5,,,,
SOC-f3f883cbf210,public_telegram_candidate,Home of Team Nila,https://t.me/teamnila/1033,https://go.gov.sg/nxl2026-aperiamall-tn | https://t.me/teamnila/1033,[Volunteering Opportunity],Home of Team Nila,,,Punggol,20 September 2026,,,,sport | volunteering | youth,"[Volunteering Opportunity] 🏀 National 3x3 League 2026 @ Aperia Mall National 3x3 League (NXL), spearheaded by Basketball Association of Singapore, aimed to promote the game of 3x3 basketball and to bring together community using sports. Location: Aperia Mall Date: 19 & 20 Septemb",verified_at | verified_by | cost_one_off_sgd | planning_area | age_min | age_max | beginner_friendly | join_alone_ok | guest_allowed,5,,,,
SOC-fd4e6c703422,public_telegram_candidate,OPEN JIO,https://t.me/OpenJio/2046,https://t.me/OpenJio/2046 | http://caringforlifesg.org/community-suicide-prevention-summit-2026,Community Suicide Prevention Summit 2026,OPEN JIO,,,,14 September 2026,,$29 | $109,,youth | books | arts | community | wellbeing,"Community Suicide Prevention Summit 2026 What can we do to build a stronger culture of care and support one another before a crisis happens?🧐 Join Caring for Life’s Community Suicide Prevention Summit 2026 for conversations on caregiving, youth-to-youth suicide prevention, digita",verified_at | verified_by | planning_area | age_min | age_max | beginner_friendly | join_alone_ok | guest_allowed,5,,,,
WEB-bishan-table-tennis,public_web_candidate,Sport Singapore (ActiveSG),https://activesg.gov.sg/facility-bookings/activities/lpa7rfS4ShmUUt7XsFJlD/venues,https://activesg.gov.sg/facility-bookings/activities/lpa7rfS4ShmUUt7XsFJlD/venues,Table tennis at Bishan Sport Hall,Sport Singapore (ActiveSG),,579783,Bishan,,,,,table tennis | sport,"Official ActiveSG booking page includes Bishan Sport Hall as a selectable table-tennis venue; live slots, price and participation terms require confirmation.",verified_at | verified_by | cost_one_off_sgd | planning_area | age_min | age_max | beginner_friendly | join_alone_ok | guest_allowed,5,,,,
WEB-gek-poh-sip,public_web_candidate,Sport Singapore (ActiveSG),https://www.activesgcircle.gov.sg/active-health/sport-in-precinct,,Sport-in-Precinct at Gek Poh,Sport Singapore (ActiveSG),,640735,Jurong West,,,,,sport | community | self-guided,"Official Active Health page lists a Sport-in-Precinct location in Gek Poh; available activities, access terms and hours require human confirmation.",verified_at | verified_by | cost_one_off_sgd | planning_area | age_min | age_max | beginner_friendly | join_alone_ok | guest_allowed,5,,,,
WEB-jurong-spring-sip,public_web_candidate,Sport Singapore (ActiveSG),https://www.activesgcircle.gov.sg/active-health/sport-in-precinct,,Sport-in-Precinct at Jurong Spring,Sport Singapore (ActiveSG),,640556,Jurong West,,,,,sport | community | self-guided,"Official Active Health page lists a Sport-in-Precinct location in Jurong Spring; available activities, access terms and hours require human confirmation.",verified_at | verified_by | cost_one_off_sgd | planning_area | age_min | age_max | beginner_friendly | join_alone_ok | guest_allowed,5,,,,
WEB-jw-park-connector-cycle,public_web_candidate,NParks,https://pcn.nparks.gov.sg/jurong-west-pc/,,Cycle the Jurong West Park Connector,NParks,,,Jurong West,,,Free public route,,cycling | nature | self-guided,Official park-connector page describes a 2.2 km route from Boon Lay Way to Jurong West Street 93 and lists cycling as a suitable outdoor activity.,verified_at | verified_by | planning_area | age_min | age_max | beginner_friendly | join_alone_ok | guest_allowed,5,,,,
WEB-jw-park-connector-walk,public_web_candidate,NParks,https://pcn.nparks.gov.sg/jurong-west-pc/,,Walk or jog the Jurong West Park Connector,NParks,,,Jurong West,,,Free public route,,walking | jogging | nature | self-guided,"Official park-connector page describes the neighbourhood route as suitable for a short run, strolling and other outdoor activities.",verified_at | verified_by | planning_area | age_min | age_max | beginner_friendly | join_alone_ok | guest_allowed,5,,,,
WEB-jw-table-tennis,public_web_candidate,Sport Singapore (ActiveSG),https://activesg.gov.sg/facility-bookings/activities/lpa7rfS4ShmUUt7XsFJlD/venues,https://activesg.gov.sg/facility-bookings/activities/lpa7rfS4ShmUUt7XsFJlD/venues,Table tennis at Jurong West Sport Centre,Sport Singapore (ActiveSG),,648965,Jurong West,,,,,table tennis | sport,Official ActiveSG booking page includes the Jurong West Sport Centre table-tennis area among selectable venues; slots and price require live confirmation.,verified_at | verified_by | cost_one_off_sgd | planning_area | age_min | age_max | beginner_friendly | join_alone_ok | guest_allowed,5,,,,
SOC-206d095e3b69,public_telegram_candidate,OPEN JIO,https://t.me/OpenJio/2050,http://tiny.cc/PostGrowth_CareerR2 | https://t.me/OpenJio/2050,"✨ Memes for a Post-Growth Career, Round 2",OPEN JIO,,,,29 August 2026,5pm,,,youth | books | arts | community | wellbeing,"✨ Memes for a Post-Growth Career, Round 2 Can making a living align with the values we care about? Or are we sometimes caught between earning a living and questioning the systems we work within? Back by popular demand, this casual gathering uses memes as conversation starters to ",verified_at | verified_by | cost_one_off_sgd | planning_area | age_min | age_max | beginner_friendly | join_alone_ok | guest_allowed,4,,,,
SOC-25a7b7338021,public_telegram_candidate,OPEN JIO,https://t.me/OpenJio/2047,https://t.me/OpenJio/2047 | http://tiny.cc/sadeaf_IWDP2026,🦻 Discover Deaf Culture & Community | International Week of Deaf People 2026,OPEN JIO,,,,19 Sep 2026 | 25 Sep 2026,2pm | 3.30pm | 3pm | 9pm | 4pm | 5pm | 7.30pm,,,youth | books | arts | community | wellbeing,"🦻 Discover Deaf Culture & Community | International Week of Deaf People 2026 Ever wondered what it’s like to navigate the world as a Deaf person? Or had questions about Deaf culture but weren’t sure how to ask? This International Week of Deaf People, join us to learn, ask questio",verified_at | verified_by | cost_one_off_sgd | planning_area | age_min | age_max | beginner_friendly | join_alone_ok | guest_allowed,4,,,,
SOC-74b11c9e684b,public_telegram_candidate,Bishan Connects,https://t.me/bishancc/1175,https://t.me/bishancc/1175,Bishan Let’s Play! is happening in just 3 days! 😎,Bishan Connects,,,Bishan,,10am | 6pm | 8.15am,,,arts | sport | workshops | youth | community,"Bishan Let’s Play! is happening in just 3 days! 😎 If you haven’t collected your event T-shirt, wristband and activity card, do drop by Bishan CC from 10am to 6pm to collect them before the event. The mass walk route is also included in this post, so have a look and get ready for ",verified_at | verified_by | cost_one_off_sgd | planning_area | age_min | age_max | beginner_friendly | join_alone_ok | guest_allowed,4,,,,
SOC-61e43e0ac267,public_telegram_candidate,OPEN JIO,https://t.me/OpenJio/2059,https://t.me/OpenJio/2059 | https://www.singaporehospice.org.sg/lwlw/#about,Live Well. Leave Well. Festival 2026,OPEN JIO,,,,29 Sept | 1 Nov | Sept 26 | Nov 26,,,,youth | books | arts | community | wellbeing,"Live Well. Leave Well. Festival 2026 What does it mean to live before living?🧐 This festival is a month-long outreach initiative meant to advance public awareness of palliative care in Singapore with educational talks, webinars and interactive workshops🤩 Join them for a jam-packe",verified_at | verified_by | cost_one_off_sgd | planning_area | age_min | age_max | beginner_friendly | join_alone_ok | guest_allowed,3,,,,
NLB-5869379,merged_nlb_draft,National Library Board,https://nlb.libcal.com/event/5869379,,Tamil Reading Club: கவிமாலை / Kavimaalai,National Library Board,National Library Building - Possibility Room (Level 5),,,2026-09-26T18:00,,0 | 0,13 | 17,artistic|chill,"campus: National Library Building · categories: Areas of Interest > Art & Creativity, Areas of Interest > Reading, Event Type > Book Discussion, Event Type > Learning Community, Language > Tamil · cost not stated — confirm and enter 0 only if free · DRAFT from libcal API — open the link and verify before using",verified_at | verified_by | cost_one_off_sgd | planning_area | beginner_friendly | join_alone_ok | guest_allowed,1,,,,
NLB-5869380,merged_nlb_draft,National Library Board,https://nlb.libcal.com/event/5869380,,Tamil Reading Club: கவிமாலை / Kavimaalai,National Library Board,National Library Building - Possibility Room (Level 5),,,2026-10-31T18:00,,0 | 0,13 | 17,artistic|chill,"campus: National Library Building · categories: Areas of Interest > Art & Creativity, Areas of Interest > Reading, Event Type > Book Discussion, Event Type > Learning Community, Language > Tamil · cost not stated — confirm and enter 0 only if free · DRAFT from libcal API — open the link and verify before using",verified_at | verified_by | cost_one_off_sgd | planning_area | beginner_friendly | join_alone_ok | guest_allowed,1,,,,
NLB-5869381,merged_nlb_draft,National Library Board,https://nlb.libcal.com/event/5869381,,Tamil Reading Club: கவிமாலை / Kavimaalai,National Library Board,National Library Building - Possibility Room (Level 5),,,2026-11-28T18:00,,0 | 0,13 | 17,artistic|chill,"campus: National Library Building · categories: Areas of Interest > Art & Creativity, Areas of Interest > Reading, Event Type > Book Discussion, Event Type > Learning Community, Language > Tamil · cost not stated — confirm and enter 0 only if free · DRAFT from libcal API — open the link and verify before using",verified_at | verified_by | cost_one_off_sgd | planning_area | beginner_friendly | join_alone_ok | guest_allowed,1,,,,
NLB-5869382,merged_nlb_draft,National Library Board,https://nlb.libcal.com/event/5869382,,Tamil Reading Club: கவிமாலை / Kavimaalai,National Library Board,National Library Building - Possibility Room (Level 5),,,2026-12-26T18:00,,0 | 0,13 | 17,artistic|chill,"campus: National Library Building · categories: Areas of Interest > Art & Creativity, Areas of Interest > Reading, Event Type > Book Discussion, Event Type > Learning Community, Language > Tamil · cost not stated — confirm and enter 0 only if free · DRAFT from libcal API — open the link and verify before using",verified_at | verified_by | cost_one_off_sgd | planning_area | beginner_friendly | join_alone_ok | guest_allowed,1,,,,
NLB-5903091,merged_nlb_draft,National Library Board,https://nlb.libcal.com/event/5903091,,Tamil Reading Club: Singapore Reads – Tamil Edition,National Library Board,National Library Building,,,2026-09-26T16:00,,0 | 0,13 | 17,chill,"campus: National Library Building · categories: Areas of Interest > Reading, Event Type > Learning Community, Language > Tamil · cost not stated — confirm and enter 0 only if free · DRAFT from libcal API — open the link and verify before using",verified_at | verified_by | cost_one_off_sgd | planning_area | beginner_friendly | join_alone_ok | guest_allowed,1,,,,
NLB-5903092,merged_nlb_draft,National Library Board,https://nlb.libcal.com/event/5903092,,Tamil Reading Club: Singapore Reads – Tamil Edition,National Library Board,National Library Building,,,2026-10-24T16:00,,0 | 0,13 | 17,chill,"campus: National Library Building · categories: Areas of Interest > Reading, Event Type > Learning Community, Language > Tamil · cost not stated — confirm and enter 0 only if free · DRAFT from libcal API — open the link and verify before using",verified_at | verified_by | cost_one_off_sgd | planning_area | beginner_friendly | join_alone_ok | guest_allowed,1,,,,
NLB-5903093,merged_nlb_draft,National Library Board,https://nlb.libcal.com/event/5903093,,Tamil Reading Club: Singapore Reads – Tamil Edition,National Library Board,National Library Building,,,2026-11-28T16:00,,0 | 0,13 | 17,chill,"campus: National Library Building · categories: Areas of Interest > Reading, Event Type > Learning Community, Language > Tamil · cost not stated — confirm and enter 0 only if free · DRAFT from libcal API — open the link and verify before using",verified_at | verified_by | cost_one_off_sgd | planning_area | beginner_friendly | join_alone_ok | guest_allowed,1,,,,
NLB-5903094,merged_nlb_draft,National Library Board,https://nlb.libcal.com/event/5903094,,Tamil Reading Club: Singapore Reads – Tamil Edition,National Library Board,National Library Building,,,2026-12-26T16:00,,0 | 0,13 | 17,chill,"campus: National Library Building · categories: Areas of Interest > Reading, Event Type > Learning Community, Language > Tamil · cost not stated — confirm and enter 0 only if free · DRAFT from libcal API — open the link and verify before using",verified_at | verified_by | cost_one_off_sgd | planning_area | beginner_friendly | join_alone_ok | guest_allowed,1,,,,
NLB-5911892,merged_nlb_draft,National Library Board,https://nlb.libcal.com/event/5911892,,Beans to Seeds Sorting Challenge: A Hands-On Sensory Workshop,National Library Board,Tampines Library - Programme Zone 2 (Level 6),,,2026-10-02T14:00,,0 | 0,13 | 17,explorative,"campus: Tampines Library · categories: Areas of Interest > Accessible, Areas of Interest > Sustainability, Event Type > Workshop, Language > English · cost not stated — confirm and enter 0 only if free · DRAFT from libcal API — open the link and verify before using",verified_at | verified_by | cost_one_off_sgd | planning_area | beginner_friendly | join_alone_ok | guest_allowed,1,,,,
NLB-5911893,merged_nlb_draft,National Library Board,https://nlb.libcal.com/event/5911893,,Growing with Xiao Bai Cai: From Seed to Harvest,National Library Board,Bedok Library - Programme Room (Level 3),,,2026-11-20T14:00,,0 | 0,13 | 17,explorative,"campus: Bedok Library · categories: Areas of Interest > Accessible, Areas of Interest > Sustainability, Event Type > Workshop, Language > English · cost not stated — confirm and enter 0 only if free · DRAFT from libcal API — open the link and verify before using",verified_at | verified_by | cost_one_off_sgd | planning_area | beginner_friendly | join_alone_ok | guest_allowed,1,,,,
NLB-5912429,merged_nlb_draft,National Library Board,https://nlb.libcal.com/event/5912429,,Print-a-Tote Adventure! Children's Day Celebration of Creativity,National Library Board,Tampines Library - Programme Zone 2 (Level 6),,,2026-10-03T10:30,,0 | 0,13 | 17,artistic,"campus: Tampines Library · categories: Areas of Interest > Accessible, Areas of Interest > Art & Creativity, Event Type > Workshop, Language > English · cost not stated — confirm and enter 0 only if free · DRAFT from libcal API — open the link and verify before using",verified_at | verified_by | cost_one_off_sgd | planning_area | beginner_friendly | join_alone_ok | guest_allowed,1,,,,
NLB-5912430,merged_nlb_draft,National Library Board,https://nlb.libcal.com/event/5912430,,Happy Planet! Give Your Tote Bag a Second Life,National Library Board,Bishan Library - Programme Zone (Level 2),,,2026-12-05T10:30,,0 | 0,13 | 17,artistic,"campus: Bishan Library · categories: Areas of Interest > Accessible, Areas of Interest > Art & Creativity, Event Type > Workshop, Language > English · cost not stated — confirm and enter 0 only if free · DRAFT from libcal API — open the link and verify before using",verified_at | verified_by | cost_one_off_sgd | planning_area | beginner_friendly | join_alone_ok | guest_allowed,1,,,,
NLB-5912707,merged_nlb_draft,National Library Board,https://nlb.libcal.com/event/5912707,,Digital Cutting Machine Starter Session @ Woodlands Library | MakeIT,National Library Board,Woodlands Library - MakeIT (Level 3),,,2026-09-06T15:00,,0 | 0,13 | 17,artistic|explorative,"campus: Woodlands Library · categories: Areas of Interest > Technology, Event Type > Workshop, Language > English · cost not stated — confirm and enter 0 only if free · DRAFT from libcal API — open the link and verify before using",verified_at | verified_by | cost_one_off_sgd | planning_area | beginner_friendly | join_alone_ok | guest_allowed,1,,,,
NLB-5914180,merged_nlb_draft,National Library Board,https://nlb.libcal.com/event/5914180,,Understanding Brain Rot: A Neuroscience Perspective | Reading in the Age of Distraction,National Library Board,,,,2026-09-12T10:00,,0 | 0,13 | 17,chill|explorative,"campus: ? · categories: Areas of Interest > Reading, Event Type > Talk, Language > English · cost not stated — confirm and enter 0 only if free · DRAFT from libcal API — open the link and verify before using",verified_at | verified_by | cost_one_off_sgd | planning_area | beginner_friendly | join_alone_ok | guest_allowed,1,,,,
NLB-5914181,merged_nlb_draft,National Library Board,https://nlb.libcal.com/event/5914181,,"How to Read: Print, Screen, Audio or AI? | Reading in the Age of Distraction",National Library Board,,,,2026-09-19T10:00,,0 | 0,13 | 17,chill,"campus: ? · categories: Areas of Interest > Reading, Event Type > Talk, Language > English · cost not stated — confirm and enter 0 only if free · DRAFT from libcal API — open the link and verify before using",verified_at | verified_by | cost_one_off_sgd | planning_area | beginner_friendly | join_alone_ok | guest_allowed,1,,,,
NLB-5914182,merged_nlb_draft,National Library Board,https://nlb.libcal.com/event/5914182,,Finding Time: A Mortal's Guide to Productivity | Reading in the Age of Distraction,National Library Board,,,,2026-09-26T15:00,,0 | 0,13 | 17,chill,"campus: ? · categories: Areas of Interest > Reading, Event Type > Talk, Language > English · cost not stated — confirm and enter 0 only if free · DRAFT from libcal API — open the link and verify before using",verified_at | verified_by | cost_one_off_sgd | planning_area | beginner_friendly | join_alone_ok | guest_allowed,1,,,,
NLB-5914183,merged_nlb_draft,National Library Board,https://nlb.libcal.com/event/5914183,,Reclaiming Attention: John Green on Reading | Reading in the Age of Distraction,National Library Board,,,,2026-09-05T10:00,,0 | 0,13 | 17,chill,"campus: ? · categories: Areas of Interest > Reading, Event Type > Talk, Language > English · cost not stated — confirm and enter 0 only if free · DRAFT from libcal API — open the link and verify before using",verified_at | verified_by | cost_one_off_sgd | planning_area | beginner_friendly | join_alone_ok | guest_allowed,1,,,,
NLB-5914428,merged_nlb_draft,National Library Board,https://nlb.libcal.com/event/5914428,,Unlocking Abilities: Finding My Calm,National Library Board,Punggol Library - Programme Room (Level 5),,,2026-09-20T10:00,,0 | 0,13 | 17,explorative,"campus: Punggol Library · categories: Areas of Interest > Accessible, Areas of Interest > Sustainability, Event Type > Workshop, Language > English · cost not stated — confirm and enter 0 only if free · DRAFT from libcal API — open the link and verify before using",verified_at | verified_by | cost_one_off_sgd | planning_area | beginner_friendly | join_alone_ok | guest_allowed,1,,,,
NLB-5914786,merged_nlb_draft,National Library Board,https://nlb.libcal.com/event/5914786,,[LOLA 2026] Verse & Vibes Pop-up: A Poetry Buffet,National Library Board,Bishan Library - Foyer (Level 1),,,2026-09-11T13:00,,0 | 0,13 | 17,chill,"campus: Bishan Library · categories: Areas of Interest > Reading, Event Type > Tinkering, Language > English · cost not stated — confirm and enter 0 only if free · DRAFT from libcal API — open the link and verify before using",verified_at | verified_by | cost_one_off_sgd | planning_area | beginner_friendly | join_alone_ok | guest_allowed,1,,,,
NLB-5914819,merged_nlb_draft,National Library Board,https://nlb.libcal.com/event/5914819,,MOLLY Weekend Outreach @ Eastlink I @ Canberra,National Library Board,Others,,,2026-09-05T09:00,,0 | 0,13 | 17,chill,"campus: Others · categories: Areas of Interest > Accessible, Areas of Interest > Reading, Event Type > Experiential Event, Language > English · cost not stated — confirm and enter 0 only if free · DRAFT from libcal API — open the link and verify before using",verified_at | verified_by | cost_one_off_sgd | planning_area | beginner_friendly | join_alone_ok | guest_allowed,1,,,,
NLB-5914820,merged_nlb_draft,National Library Board,https://nlb.libcal.com/event/5914820,,MOLLY Weekend Outreach @ Keat Hong Axis,National Library Board,Others,,,2026-09-05T13:30,,0 | 0,13 | 17,chill,"campus: Others · categories: Areas of Interest > Accessible, Areas of Interest > Reading, Event Type > Experiential Event, Language > English · cost not stated — confirm and enter 0 only if free · DRAFT from libcal API — open the link and verify before using",verified_at | verified_by | cost_one_off_sgd | planning_area | beginner_friendly | join_alone_ok | guest_allowed,1,,,,
NLB-5914821,merged_nlb_draft,National Library Board,https://nlb.libcal.com/event/5914821,,MOLLY Weekend Outreach @ Fernvale Woods,National Library Board,Others,,,2026-09-06T09:00,,0 | 0,13 | 17,chill,"campus: Others · categories: Areas of Interest > Accessible, Areas of Interest > Reading, Event Type > Experiential Event, Language > English · cost not stated — confirm and enter 0 only if free · DRAFT from libcal API — open the link and verify before using",verified_at | verified_by | cost_one_off_sgd | planning_area | beginner_friendly | join_alone_ok | guest_allowed,1,,,,
NLB-5914822,merged_nlb_draft,National Library Board,https://nlb.libcal.com/event/5914822,,MOLLY Weekend Outreach @ Marine Crescent Ville,National Library Board,Others,,,2026-09-06T13:30,,0 | 0,13 | 17,chill,"campus: Others · categories: Areas of Interest > Accessible, Areas of Interest > Reading, Event Type > Experiential Event, Language > English · cost not stated — confirm and enter 0 only if free · DRAFT from libcal API — open the link and verify before using",verified_at | verified_by | cost_one_off_sgd | planning_area | beginner_friendly | join_alone_ok | guest_allowed,1,,,,
NLB-5914823,merged_nlb_draft,National Library Board,https://nlb.libcal.com/event/5914823,,MOLLY Weekend Outreach @ 703 Woodlands Drive 40,National Library Board,Others,,,2026-09-12T09:00,,0 | 0,13 | 17,chill,"campus: Others · categories: Areas of Interest > Accessible, Areas of Interest > Reading, Event Type > Experiential Event, Language > English · cost not stated — confirm and enter 0 only if free · DRAFT from libcal API — open the link and verify before using",verified_at | verified_by | cost_one_off_sgd | planning_area | beginner_friendly | join_alone_ok | guest_allowed,1,,,,
NLB-5914824,merged_nlb_draft,National Library Board,https://nlb.libcal.com/event/5914824,,MOLLY Weekend Outreach @ Tengah Community Club,National Library Board,Others,,,2026-09-12T13:30,,0 | 0,13 | 17,chill,"campus: Others · categories: Areas of Interest > Accessible, Areas of Interest > Reading, Event Type > Experiential Event, Language > English · cost not stated — confirm and enter 0 only if free · DRAFT from libcal API — open the link and verify before using",verified_at | verified_by | cost_one_off_sgd | planning_area | beginner_friendly | join_alone_ok | guest_allowed,1,,,,
NLB-5914825,merged_nlb_draft,National Library Board,https://nlb.libcal.com/event/5914825,,MOLLY Weekend Outreach @ Yishun Mall,National Library Board,Others,,,2026-09-13T09:00,,0 | 0,13 | 17,chill,"campus: Others · categories: Areas of Interest > Accessible, Areas of Interest > Reading, Event Type > Experiential Event, Language > English · cost not stated — confirm and enter 0 only if free · DRAFT from libcal API — open the link and verify before using",verified_at | verified_by | cost_one_off_sgd | planning_area | beginner_friendly | join_alone_ok | guest_allowed,1,,,,
NLB-5914826,merged_nlb_draft,National Library Board,https://nlb.libcal.com/event/5914826,,MOLLY Weekend Outreach @ Towner Heights,National Library Board,Others,,,2026-09-13T13:30,,0 | 0,13 | 17,chill,"campus: Others · categories: Areas of Interest > Accessible, Areas of Interest > Reading, Event Type > Experiential Event, Language > English · cost not stated — confirm and enter 0 only if free · DRAFT from libcal API — open the link and verify before using",verified_at | verified_by | cost_one_off_sgd | planning_area | beginner_friendly | join_alone_ok | guest_allowed,1,,,,
NLB-5914827,merged_nlb_draft,National Library Board,https://nlb.libcal.com/event/5914827,,MOLLY Weekend Outreach @ Telok Blangah,National Library Board,Others,,,2026-09-19T09:00,,0 | 0,13 | 17,chill,"campus: Others · categories: Areas of Interest > Accessible, Areas of Interest > Reading, Event Type > Experiential Event, Language > English · cost not stated — confirm and enter 0 only if free · DRAFT from libcal API — open the link and verify before using",verified_at | verified_by | cost_one_off_sgd | planning_area | beginner_friendly | join_alone_ok | guest_allowed,1,,,,
NLB-5914828,merged_nlb_draft,National Library Board,https://nlb.libcal.com/event/5914828,,MOLLY Weekend Outreach @ York Hill,National Library Board,Others,,,2026-09-19T13:30,,0 | 0,13 | 17,chill,"campus: Others · categories: Areas of Interest > Accessible, Areas of Interest > Reading, Event Type > Experiential Event, Language > English · cost not stated — confirm and enter 0 only if free · DRAFT from libcal API — open the link and verify before using",verified_at | verified_by | cost_one_off_sgd | planning_area | beginner_friendly | join_alone_ok | guest_allowed,1,,,,
NLB-5914829,merged_nlb_draft,National Library Board,https://nlb.libcal.com/event/5914829,,MOLLY Weekend Outreach @ Jurong West Sports Centre,National Library Board,Others,,,2026-09-20T09:00,,0 | 0,13 | 17,chill|sporty,"campus: Others · categories: Areas of Interest > Accessible, Areas of Interest > Reading, Event Type > Experiential Event, Language > English · cost not stated — confirm and enter 0 only if free · DRAFT from libcal API — open the link and verify before using",verified_at | verified_by | cost_one_off_sgd | planning_area | beginner_friendly | join_alone_ok | guest_allowed,1,,,,
NLB-5914830,merged_nlb_draft,National Library Board,https://nlb.libcal.com/event/5914830,,MOLLY Weekend Outreach @ Depot Heights,National Library Board,Others,,,2026-09-20T13:30,,0 | 0,13 | 17,chill,"campus: Others · categories: Areas of Interest > Accessible, Areas of Interest > Reading, Event Type > Experiential Event, Language > English · cost not stated — confirm and enter 0 only if free · DRAFT from libcal API — open the link and verify before using",verified_at | verified_by | cost_one_off_sgd | planning_area | beginner_friendly | join_alone_ok | guest_allowed,1,,,,
NLB-5914831,merged_nlb_draft,National Library Board,https://nlb.libcal.com/event/5914831,,MOLLY Weekend Outreach @ Teck Ghee View,National Library Board,Others,,,2026-09-26T09:00,,0 | 0,13 | 17,chill,"campus: Others · categories: Areas of Interest > Accessible, Areas of Interest > Reading, Event Type > Experiential Event, Language > English · cost not stated — confirm and enter 0 only if free · DRAFT from libcal API — open the link and verify before using",verified_at | verified_by | cost_one_off_sgd | planning_area | beginner_friendly | join_alone_ok | guest_allowed,1,,,,
NLB-5914832,merged_nlb_draft,National Library Board,https://nlb.libcal.com/event/5914832,,MOLLY Weekend Outreach @ Marine Drive View,National Library Board,Others,,,2026-09-27T09:00,,0 | 0,13 | 17,chill,"campus: Others · categories: Areas of Interest > Accessible, Areas of Interest > Reading, Event Type > Experiential Event, Language > English · cost not stated — confirm and enter 0 only if free · DRAFT from libcal API — open the link and verify before using",verified_at | verified_by | cost_one_off_sgd | planning_area | beginner_friendly | join_alone_ok | guest_allowed,1,,,,
NLB-5914840,merged_nlb_draft,National Library Board,https://nlb.libcal.com/event/5914840,,MOLLY Weekend Outreach @ Whampoa CC,National Library Board,Others,,,2026-09-27T13:30,,0 | 0,13 | 17,chill,"campus: Others · categories: Areas of Interest > Accessible, Areas of Interest > Reading, Event Type > Experiential Event, Language > English · cost not stated — confirm and enter 0 only if free · DRAFT from libcal API — open the link and verify before using",verified_at | verified_by | cost_one_off_sgd | planning_area | beginner_friendly | join_alone_ok | guest_allowed,1,,,,
NLB-5915852,merged_nlb_draft,National Library Board,https://nlb.libcal.com/event/5915852,,Tabletop Roleplaying Experience with Sodalite Pop,National Library Board,Pasir Ris Library - Programme Zone (Level 4),,,2026-09-20T13:30,,0 | 0,13 | 17,chill,"campus: Pasir Ris Library · categories: Areas of Interest > Reading, Event Type > Workshop, Language > English · cost not stated — confirm and enter 0 only if free · DRAFT from libcal API — open the link and verify before using",verified_at | verified_by | cost_one_off_sgd | planning_area | beginner_friendly | join_alone_ok | guest_allowed,1,,,,
NLB-5915869,merged_nlb_draft,National Library Board,https://nlb.libcal.com/event/5915869,,[LOLA] Scam Awareness Talk,National Library Board,Harbourfront Library - Programme Zone 2 (Level 3),,,2026-09-26T15:30,,0 | 0,13 | 17,chill,"campus: Harbourfront Library · categories: Areas of Interest > Reading, Event Type > Talk, Language > English · cost not stated — confirm and enter 0 only if free · DRAFT from libcal API — open the link and verify before using",verified_at | verified_by | cost_one_off_sgd | planning_area | beginner_friendly | join_alone_ok | guest_allowed,1,,,,
NLB-5915914,merged_nlb_draft,National Library Board,https://nlb.libcal.com/event/5915914,,[LOLA 2026] BLOOMING Coaster-making Workshop,National Library Board,Tampines Library - Terrace on 4 (Level 4),,,2026-09-12T11:00,,0 | 0,13 | 17,artistic,"campus: Tampines Library · categories: Areas of Interest > Art & Creativity, Event Type > Workshop, Language > English · cost not stated — confirm and enter 0 only if free · DRAFT from libcal API — open the link and verify before using",verified_at | verified_by | cost_one_off_sgd | planning_area | beginner_friendly | join_alone_ok | guest_allowed,1,,,,
NLB-5916259,merged_nlb_draft,National Library Board,https://nlb.libcal.com/event/5916259,,[LOLA 2026] Lions Clubs of Singapore Reading and Action: The Effective Changemaker,National Library Board,Sengkang Library - Programme Zone (Level 4),,,2026-09-06T12:00,,0 | 0,13 | 17,chill,"campus: Sengkang Library · categories: Areas of Interest > Reading, Event Type > Workshop, Language > English · cost not stated — confirm and enter 0 only if free · DRAFT from libcal API — open the link and verify before using",verified_at | verified_by | cost_one_off_sgd | planning_area | beginner_friendly | join_alone_ok | guest_allowed,1,,,,
NLB-5916417,merged_nlb_draft,National Library Board,https://nlb.libcal.com/event/5916417,,[LOLA 2026] Storytelling by MINDS Community Hub Clementi & Faber,National Library Board,Clementi Library - Programme Zone (Level 5),,,2026-09-18T11:00,,0 | 0,13 | 17,chill,"campus: Clementi Library · categories: Areas of Interest > Accessible, Areas of Interest > Reading, Event Type > Storytelling, Language > English · cost not stated — confirm and enter 0 only if free · DRAFT from libcal API — open the link and verify before using",verified_at | verified_by | cost_one_off_sgd | planning_area | beginner_friendly | join_alone_ok | guest_allowed,1,,,,
NLB-5916419,merged_nlb_draft,National Library Board,https://nlb.libcal.com/event/5916419,,[Budding Artists] Stylofoam 2026 Exhibition Opening Ceremony,National Library Board,Tampines Library,,,2026-09-02T15:30,,0 | 0,13 | 17,artistic,"campus: Tampines Library · categories: Areas of Interest > Art & Creativity, Event Type > Talk, Language > English · cost not stated — confirm and enter 0 only if free · DRAFT from libcal API — open the link and verify before using",verified_at | verified_by | cost_one_off_sgd | planning_area | beginner_friendly | join_alone_ok | guest_allowed,1,,,,
NLB-5916422,merged_nlb_draft,National Library Board,https://nlb.libcal.com/event/5916422,,From Spark to Word: Finding Your Voice Through Poetry | Teens Takeover re:write,National Library Board,Bukit Batok Library - Programme Room (Level 2),,,2026-09-11T14:30,,0 | 0,13 | 17,chill,"campus: Bukit Batok Library · categories: Areas of Interest > Reading, Event Type > Workshop, Language > English · cost not stated — confirm and enter 0 only if free · DRAFT from libcal API — open the link and verify before using",verified_at | verified_by | cost_one_off_sgd | planning_area | beginner_friendly | join_alone_ok | guest_allowed,1,,,,
NLB-5916424,merged_nlb_draft,National Library Board,https://nlb.libcal.com/event/5916424,,"Amazon Think Big Program Workshop Series - Arcade Lab: Code a ""Fruit Ninja"" Style Game",National Library Board,Jurong Library - MakeIT (Level 2),,,2026-09-12T13:00,,0 | 0,13 | 17,explorative,"campus: Jurong Library · categories: Areas of Interest > Technology, Event Type > Workshop, Language > English · cost not stated — confirm and enter 0 only if free · DRAFT from libcal API — open the link and verify before using",verified_at | verified_by | cost_one_off_sgd | planning_area | beginner_friendly | join_alone_ok | guest_allowed,1,,,,
NLB-5916426,merged_nlb_draft,National Library Board,https://nlb.libcal.com/event/5916426,,[Teens Takeover | re:write] Learn to Play D&D with Criticals & Fumbles,National Library Board,Serangoon Library - Programme Zone (Level 4R),,,2026-09-19T12:30,,0 | 0,13 | 17,chill,"campus: Serangoon Library · categories: Areas of Interest > Reading, Event Type > Learning Community, Language > English · cost not stated — confirm and enter 0 only if free · DRAFT from libcal API — open the link and verify before using",verified_at | verified_by | cost_one_off_sgd | planning_area | beginner_friendly | join_alone_ok | guest_allowed,1,,,,
NLB-5916427,merged_nlb_draft,National Library Board,https://nlb.libcal.com/event/5916427,,[Teens Takeover | re:write] Tabletop RPG Experience with Sodalite Pop @ CCK Library,National Library Board,Choa Chu Kang Library - Programme Room 2 (Level 4),,,2026-09-26T13:00,,0 | 0,13 | 17,chill,"campus: Choa Chu Kang Library · categories: Areas of Interest > Reading, Event Type > Learning Community, Language > English · cost not stated — confirm and enter 0 only if free · DRAFT from libcal API — open the link and verify before using",verified_at | verified_by | cost_one_off_sgd | planning_area | beginner_friendly | join_alone_ok | guest_allowed,1,,,,
NLB-5937308,merged_nlb_draft,National Library Board,https://nlb.libcal.com/event/5937308,,Crafty Journal | Jurong Library,National Library Board,Jurong Library - Programme Zone (Level 1),,,2026-09-19T15:00,,0 | 0,13 | 17,artistic,"campus: Jurong Library · categories: Areas of Interest > Art & Creativity, Event Type > Learning Community, Language > English · cost not stated — confirm and enter 0 only if free · DRAFT from libcal API — open the link and verify before using",verified_at | verified_by | cost_one_off_sgd | planning_area | beginner_friendly | join_alone_ok | guest_allowed,1,,,,
NLB-5954036,merged_nlb_draft,National Library Board,https://nlb.libcal.com/event/5954036,,Unplugged | Woodlands Library,National Library Board,Woodlands Library - Programme Zone (Level 1),,,2026-09-09T15:00,,0 | 0,13 | 17,chill,"campus: Woodlands Library · categories: Areas of Interest > Health, Event Type > Workshop, Language > English · cost not stated — confirm and enter 0 only if free · DRAFT from libcal API — open the link and verify before using",verified_at | verified_by | cost_one_off_sgd | planning_area | beginner_friendly | join_alone_ok | guest_allowed,1,,,,
NLB-5954037,merged_nlb_draft,National Library Board,https://nlb.libcal.com/event/5954037,,Unplugged | Bedok Library,National Library Board,Bedok Library - Programme Room (Level 3),,,2026-09-09T15:00,,0 | 0,13 | 17,chill,"campus: Bedok Library · categories: Areas of Interest > Health, Event Type > Workshop, Language > English · cost not stated — confirm and enter 0 only if free · DRAFT from libcal API — open the link and verify before using",verified_at | verified_by | cost_one_off_sgd | planning_area | beginner_friendly | join_alone_ok | guest_allowed,1,,,,
NLB-5954061,merged_nlb_draft,National Library Board,https://nlb.libcal.com/event/5954061,,[LOLA 2026] Community Bookworm Programme: Speed Book Swap,National Library Board,Central Library at the National Library Building - Programme Room 1 & 2 (Basement 1),,,2026-09-18T19:00,,0 | 0,13 | 17,chill,"campus: Central Library · categories: Areas of Interest > Reading, Event Type > Others, Language > English · cost not stated — confirm and enter 0 only if free · DRAFT from libcal API — open the link and verify before using",verified_at | verified_by | cost_one_off_sgd | planning_area | beginner_friendly | join_alone_ok | guest_allowed,1,,,,
NLB-5954069,merged_nlb_draft,National Library Board,https://nlb.libcal.com/event/5954069,,The Lee Kong Chian Natural History Museum (LKCNHM) Public Talkshop 2026,National Library Board,National Library Building - The Pod (Level 16),,,2026-10-03T13:00,,0 | 0,13 | 17,explorative,"campus: National Library Building · categories: Areas of Interest > Sustainability, Event Type > Talk, Language > English · cost not stated — confirm and enter 0 only if free · DRAFT from libcal API — open the link and verify before using",verified_at | verified_by | cost_one_off_sgd | planning_area | beginner_friendly | join_alone_ok | guest_allowed,1,,,,
NLB-5970982,merged_nlb_draft,National Library Board,https://nlb.libcal.com/event/5970982,,3D Starter Session @ Woodlands Library | MakeIT,National Library Board,Woodlands Library - MakeIT (Level 3),,,2026-09-04T15:00,,0 | 0,13 | 17,artistic|explorative,"campus: Woodlands Library · categories: Areas of Interest > Technology, Event Type > Workshop, Language > English · cost not stated — confirm and enter 0 only if free · DRAFT from libcal API — open the link and verify before using",verified_at | verified_by | cost_one_off_sgd | planning_area | beginner_friendly | join_alone_ok | guest_allowed,1,,,,
NLB-5970983,merged_nlb_draft,National Library Board,https://nlb.libcal.com/event/5970983,,3D Starter Session @ Punggol Library | MakeIT,National Library Board,Punggol Library - MakeIT (Level 4),,,2026-09-05T15:00,,0 | 0,13 | 17,artistic|explorative,"campus: Punggol Library · categories: Areas of Interest > Technology, Event Type > Workshop, Language > English · cost not stated — confirm and enter 0 only if free · DRAFT from libcal API — open the link and verify before using",verified_at | verified_by | cost_one_off_sgd | planning_area | beginner_friendly | join_alone_ok | guest_allowed,1,,,,
NLB-5970985,merged_nlb_draft,National Library Board,https://nlb.libcal.com/event/5970985,,Make Inclusive Tech Sunday @ Punggol Library | MakeIT,National Library Board,Punggol Library - MakeIT (Level 4),,,2026-09-06T12:00,,0 | 0,13 | 17,explorative,"campus: Punggol Library · categories: Areas of Interest > Accessible, Areas of Interest > Technology, Event Type > Workshop, Language > English · cost not stated — confirm and enter 0 only if free · DRAFT from libcal API — open the link and verify before using",verified_at | verified_by | cost_one_off_sgd | planning_area | beginner_friendly | join_alone_ok | guest_allowed,1,,,,
NLB-5970986,merged_nlb_draft,National Library Board,https://nlb.libcal.com/event/5970986,,Make Inclusive Tech Sunday @ Punggol Library | MakeIT,National Library Board,Punggol Library - MakeIT (Level 4),,,2026-09-13T12:00,,0 | 0,13 | 17,explorative,"campus: Punggol Library · categories: Areas of Interest > Accessible, Areas of Interest > Technology, Event Type > Workshop, Language > English · cost not stated — confirm and enter 0 only if free · DRAFT from libcal API — open the link and verify before using",verified_at | verified_by | cost_one_off_sgd | planning_area | beginner_friendly | join_alone_ok | guest_allowed,1,,,,
NLB-5970987,merged_nlb_draft,National Library Board,https://nlb.libcal.com/event/5970987,,Make Inclusive Tech Sunday @ Punggol Library | MakeIT,National Library Board,Punggol Library - MakeIT (Level 4),,,2026-09-20T12:00,,0 | 0,13 | 17,explorative,"campus: Punggol Library · categories: Areas of Interest > Accessible, Areas of Interest > Technology, Event Type > Workshop, Language > English · cost not stated — confirm and enter 0 only if free · DRAFT from libcal API — open the link and verify before using",verified_at | verified_by | cost_one_off_sgd | planning_area | beginner_friendly | join_alone_ok | guest_allowed,1,,,,
NLB-5970988,merged_nlb_draft,National Library Board,https://nlb.libcal.com/event/5970988,,Make Inclusive Tech Sunday @ Punggol Library | MakeIT,National Library Board,Punggol Library - MakeIT (Level 4),,,2026-09-27T12:00,,0 | 0,13 | 17,explorative,"campus: Punggol Library · categories: Areas of Interest > Accessible, Areas of Interest > Technology, Event Type > Workshop, Language > English · cost not stated — confirm and enter 0 only if free · DRAFT from libcal API — open the link and verify before using",verified_at | verified_by | cost_one_off_sgd | planning_area | beginner_friendly | join_alone_ok | guest_allowed,1,,,,
NLB-5970990,merged_nlb_draft,National Library Board,https://nlb.libcal.com/event/5970990,,Make Inclusive Tech Sunday @ Tampines Library | MakeIT,National Library Board,Tampines Library - MakeIT (Level 4),,,2026-09-06T12:00,,0 | 0,13 | 17,explorative,"campus: Tampines Library · categories: Areas of Interest > Accessible, Areas of Interest > Technology, Event Type > Workshop, Language > English · cost not stated — confirm and enter 0 only if free · DRAFT from libcal API — open the link and verify before using",verified_at | verified_by | cost_one_off_sgd | planning_area | beginner_friendly | join_alone_ok | guest_allowed,1,,,,
NLB-5970992,merged_nlb_draft,National Library Board,https://nlb.libcal.com/event/5970992,,Make Inclusive Tech Sunday @ Jurong Library | MakeIT,National Library Board,Jurong Library - MakeIT (Level 2),,,2026-09-20T12:00,,0 | 0,13 | 17,explorative,"campus: Jurong Library · categories: Areas of Interest > Accessible, Areas of Interest > Technology, Event Type > Workshop, Language > English · cost not stated — confirm and enter 0 only if free · DRAFT from libcal API — open the link and verify before using",verified_at | verified_by | cost_one_off_sgd | planning_area | beginner_friendly | join_alone_ok | guest_allowed,1,,,,
NLB-5970993,merged_nlb_draft,National Library Board,https://nlb.libcal.com/event/5970993,,Make Inclusive Tech Sunday @ Woodlands Library | MakeIT,National Library Board,Woodlands Library - MakeIT (Level 3),,,2026-09-13T12:00,,0 | 0,13 | 17,explorative,"campus: Woodlands Library · categories: Areas of Interest > Accessible, Areas of Interest > Technology, Event Type > Workshop, Language > English · cost not stated — confirm and enter 0 only if free · DRAFT from libcal API — open the link and verify before using",verified_at | verified_by | cost_one_off_sgd | planning_area | beginner_friendly | join_alone_ok | guest_allowed,1,,,,
NLB-5970996,merged_nlb_draft,National Library Board,https://nlb.libcal.com/event/5970996,,Sewing Starter Session @ Jurong Library | MakeIT,National Library Board,Jurong Library - MakeIT (Level 2),,,2026-09-06T15:00,,0 | 0,13 | 17,artistic|explorative,"campus: Jurong Library · categories: Areas of Interest > Technology, Event Type > Workshop, Language > English · cost not stated — confirm and enter 0 only if free · DRAFT from libcal API — open the link and verify before using",verified_at | verified_by | cost_one_off_sgd | planning_area | beginner_friendly | join_alone_ok | guest_allowed,1,,,,
NLB-5971002,merged_nlb_draft,National Library Board,https://nlb.libcal.com/event/5971002,,3D Starter Session @ Tampines Library | MakeIT,National Library Board,Tampines Library - MakeIT (Level 4),,,2026-09-06T15:00,,0 | 0,13 | 17,artistic|explorative,"campus: Tampines Library · categories: Areas of Interest > Technology, Event Type > Workshop, Language > English · cost not stated — confirm and enter 0 only if free · DRAFT from libcal API — open the link and verify before using",verified_at | verified_by | cost_one_off_sgd | planning_area | beginner_friendly | join_alone_ok | guest_allowed,1,,,,
NLB-5971094,merged_nlb_draft,National Library Board,https://nlb.libcal.com/event/5971094,,Sewing Starter Session @ Tampines Library | MakeIT,National Library Board,Tampines Library - MakeIT (Level 4),,,2026-09-10T15:00,,0 | 0,13 | 17,artistic|explorative,"campus: Tampines Library · categories: Areas of Interest > Technology, Event Type > Workshop, Language > English · cost not stated — confirm and enter 0 only if free · DRAFT from libcal API — open the link and verify before using",verified_at | verified_by | cost_one_off_sgd | planning_area | beginner_friendly | join_alone_ok | guest_allowed,1,,,,
NLB-5971095,merged_nlb_draft,National Library Board,https://nlb.libcal.com/event/5971095,,3D Starter Session @ Jurong Library | MakeIT,National Library Board,Jurong Library - MakeIT (Level 2),,,2026-09-11T12:00,,0 | 0,13 | 17,artistic|explorative,"campus: Jurong Library · categories: Areas of Interest > Technology, Event Type > Workshop, Language > English · cost not stated — confirm and enter 0 only if free · DRAFT from libcal API — open the link and verify before using",verified_at | verified_by | cost_one_off_sgd | planning_area | beginner_friendly | join_alone_ok | guest_allowed,1,,,,
NLB-5971096,merged_nlb_draft,National Library Board,https://nlb.libcal.com/event/5971096,,Sewing Starter Session @ Punggol Library | MakeIT,National Library Board,Punggol Library - MakeIT (Level 4),,,2026-09-12T15:00,,0 | 0,13 | 17,artistic|explorative,"campus: Punggol Library · categories: Areas of Interest > Technology, Event Type > Workshop, Language > English · cost not stated — confirm and enter 0 only if free · DRAFT from libcal API — open the link and verify before using",verified_at | verified_by | cost_one_off_sgd | planning_area | beginner_friendly | join_alone_ok | guest_allowed,1,,,,
NLB-5971097,merged_nlb_draft,National Library Board,https://nlb.libcal.com/event/5971097,,3D Starter Session @ Tampines Library | MakeIT,National Library Board,Tampines Library - MakeIT (Level 4),,,2026-09-12T15:00,,0 | 0,13 | 17,artistic|explorative,"campus: Tampines Library · categories: Areas of Interest > Technology, Event Type > Workshop, Language > English · cost not stated — confirm and enter 0 only if free · DRAFT from libcal API — open the link and verify before using",verified_at | verified_by | cost_one_off_sgd | planning_area | beginner_friendly | join_alone_ok | guest_allowed,1,,,,
NLB-5971098,merged_nlb_draft,National Library Board,https://nlb.libcal.com/event/5971098,,3D Starter Session @ Jurong Library | MakeIT,National Library Board,Jurong Library - MakeIT (Level 2),,,2026-09-13T15:00,,0 | 0,13 | 17,artistic|explorative,"campus: Jurong Library · categories: Areas of Interest > Technology, Event Type > Workshop, Language > English · cost not stated — confirm and enter 0 only if free · DRAFT from libcal API — open the link and verify before using",verified_at | verified_by | cost_one_off_sgd | planning_area | beginner_friendly | join_alone_ok | guest_allowed,1,,,,
NLB-5971100,merged_nlb_draft,National Library Board,https://nlb.libcal.com/event/5971100,,Laser Cutting Starter Session @ Tampines Library | MakeIT,National Library Board,Tampines Library - MakeIT (Level 4),,,2026-09-13T15:00,,0 | 0,13 | 17,artistic|explorative,"campus: Tampines Library · categories: Areas of Interest > Technology, Event Type > Workshop, Language > English · cost not stated — confirm and enter 0 only if free · DRAFT from libcal API — open the link and verify before using",verified_at | verified_by | cost_one_off_sgd | planning_area | beginner_friendly | join_alone_ok | guest_allowed,1,,,,
NLB-5971101,merged_nlb_draft,National Library Board,https://nlb.libcal.com/event/5971101,,3D Starter Session @ Punggol Library | MakeIT,National Library Board,Punggol Library - MakeIT (Level 4),,,2026-09-15T15:00,,0 | 0,13 | 17,artistic|explorative,"campus: Punggol Library · categories: Areas of Interest > Technology, Event Type > Workshop, Language > English · cost not stated — confirm and enter 0 only if free · DRAFT from libcal API — open the link and verify before using",verified_at | verified_by | cost_one_off_sgd | planning_area | beginner_friendly | join_alone_ok | guest_allowed,1,,,,
NLB-5971102,merged_nlb_draft,National Library Board,https://nlb.libcal.com/event/5971102,,Laser Cutting Starter Session @ Jurong Library | MakeIT,National Library Board,Jurong Library - MakeIT (Level 2),,,2026-09-18T15:00,,0 | 0,13 | 17,artistic|explorative,"campus: Jurong Library · categories: Areas of Interest > Technology, Event Type > Workshop, Language > English · cost not stated — confirm and enter 0 only if free · DRAFT from libcal API — open the link and verify before using",verified_at | verified_by | cost_one_off_sgd | planning_area | beginner_friendly | join_alone_ok | guest_allowed,1,,,,
NLB-5971103,merged_nlb_draft,National Library Board,https://nlb.libcal.com/event/5971103,,Ideate to Make IT @ Punggol Library | MakeIT,National Library Board,Punggol Library - MakeIT (Level 4),,,2026-09-18T15:00,,0 | 0,13 | 17,explorative,"campus: Punggol Library · categories: Areas of Interest > Technology, Event Type > Workshop, Language > English · cost not stated — confirm and enter 0 only if free · DRAFT from libcal API — open the link and verify before using",verified_at | verified_by | cost_one_off_sgd | planning_area | beginner_friendly | join_alone_ok | guest_allowed,1,,,,
NLB-5971105,merged_nlb_draft,National Library Board,https://nlb.libcal.com/event/5971105,,Laser Cutting Starter Session @ Jurong Library | MakeIT,National Library Board,Jurong Library - MakeIT (Level 2),,,2026-09-19T15:00,,0 | 0,13 | 17,artistic|explorative,"campus: Jurong Library · categories: Areas of Interest > Technology, Event Type > Workshop, Language > English · cost not stated — confirm and enter 0 only if free · DRAFT from libcal API — open the link and verify before using",verified_at | verified_by | cost_one_off_sgd | planning_area | beginner_friendly | join_alone_ok | guest_allowed,1,,,,
NLB-5971106,merged_nlb_draft,National Library Board,https://nlb.libcal.com/event/5971106,,Laser Cutting Starter Session @ Punggol Library | MakeIT,National Library Board,Punggol Library - MakeIT (Level 4),,,2026-09-19T15:00,,0 | 0,13 | 17,artistic|explorative,"campus: Punggol Library · categories: Areas of Interest > Technology, Event Type > Workshop, Language > English · cost not stated — confirm and enter 0 only if free · DRAFT from libcal API — open the link and verify before using",verified_at | verified_by | cost_one_off_sgd | planning_area | beginner_friendly | join_alone_ok | guest_allowed,1,,,,
NLB-5971107,merged_nlb_draft,National Library Board,https://nlb.libcal.com/event/5971107,,Sewing Starter Session @ Woodlands Library | MakeIT,National Library Board,Woodlands Library - MakeIT (Level 3),,,2026-09-20T12:00,,0 | 0,13 | 17,artistic|explorative,"campus: Woodlands Library · categories: Areas of Interest > Technology, Event Type > Workshop, Language > English · cost not stated — confirm and enter 0 only if free · DRAFT from libcal API — open the link and verify before using",verified_at | verified_by | cost_one_off_sgd | planning_area | beginner_friendly | join_alone_ok | guest_allowed,1,,,,
NLB-5971118,merged_nlb_draft,National Library Board,https://nlb.libcal.com/event/5971118,,MakeIT with AI Empowered 3D Printing Starter Session @ Jurong Library | MakeIT,National Library Board,Jurong Library - MakeIT (Level 2),,,2026-09-20T15:00,,0 | 0,13 | 17,artistic|explorative,"campus: Jurong Library · categories: Areas of Interest > Technology, Event Type > Workshop, Language > English · cost not stated — confirm and enter 0 only if free · DRAFT from libcal API — open the link and verify before using",verified_at | verified_by | cost_one_off_sgd | planning_area | beginner_friendly | join_alone_ok | guest_allowed,1,,,,
NLB-5971119,merged_nlb_draft,National Library Board,https://nlb.libcal.com/event/5971119,,Robotics & Coding Starter Session - Motion & Movement Control Made Easy @ Punggol Library | MakeIT,National Library Board,Punggol Library - MakeIT (Level 4),,,2026-09-20T15:00,,0 | 0,13 | 17,artistic|explorative,"campus: Punggol Library · categories: Areas of Interest > Technology, Event Type > Workshop, Language > English · cost not stated — confirm and enter 0 only if free · DRAFT from libcal API — open the link and verify before using",verified_at | verified_by | cost_one_off_sgd | planning_area | beginner_friendly | join_alone_ok | guest_allowed,1,,,,
NLB-5971120,merged_nlb_draft,National Library Board,https://nlb.libcal.com/event/5971120,,Sewing Starter Session @ Tampines Library | MakeIT,National Library Board,Tampines Library - MakeIT (Level 4),,,2026-09-20T15:00,,0 | 0,13 | 17,artistic|explorative,"campus: Tampines Library · categories: Areas of Interest > Technology, Event Type > Workshop, Language > English · cost not stated — confirm and enter 0 only if free · DRAFT from libcal API — open the link and verify before using",verified_at | verified_by | cost_one_off_sgd | planning_area | beginner_friendly | join_alone_ok | guest_allowed,1,,,,
NLB-5971121,merged_nlb_draft,National Library Board,https://nlb.libcal.com/event/5971121,,Sewing Starter Session @ Jurong Library | MakeIT,National Library Board,Jurong Library - MakeIT (Level 2),,,2026-09-25T12:00,,0 | 0,13 | 17,artistic|explorative,"campus: Jurong Library · categories: Areas of Interest > Technology, Event Type > Workshop, Language > English · cost not stated — confirm and enter 0 only if free · DRAFT from libcal API — open the link and verify before using",verified_at | verified_by | cost_one_off_sgd | planning_area | beginner_friendly | join_alone_ok | guest_allowed,1,,,,
NLB-5971122,merged_nlb_draft,National Library Board,https://nlb.libcal.com/event/5971122,,3D Starter Session @ Tampines Library | MakeIT,National Library Board,Tampines Library - MakeIT (Level 4),,,2026-09-25T12:00,,0 | 0,13 | 17,artistic|explorative,"campus: Tampines Library · categories: Areas of Interest > Technology, Event Type > Workshop, Language > English · cost not stated — confirm and enter 0 only if free · DRAFT from libcal API — open the link and verify before using",verified_at | verified_by | cost_one_off_sgd | planning_area | beginner_friendly | join_alone_ok | guest_allowed,1,,,,
NLB-5971123,merged_nlb_draft,National Library Board,https://nlb.libcal.com/event/5971123,,Laser Cutting Starter Session @ Woodlands Library | MakeIT,National Library Board,Woodlands Library - MakeIT (Level 3),,,2026-09-25T12:00,,0 | 0,13 | 17,artistic|explorative,"campus: Woodlands Library · categories: Areas of Interest > Technology, Event Type > Workshop, Language > English · cost not stated — confirm and enter 0 only if free · DRAFT from libcal API — open the link and verify before using",verified_at | verified_by | cost_one_off_sgd | planning_area | beginner_friendly | join_alone_ok | guest_allowed,1,,,,
NLB-5971124,merged_nlb_draft,National Library Board,https://nlb.libcal.com/event/5971124,,Videography Starter Session @ Punggol Library | MakeIT,National Library Board,Punggol Library - MakeIT (Level 4),,,2026-09-26T15:00,,0 | 0,13 | 17,artistic|explorative,"campus: Punggol Library · categories: Areas of Interest > Technology, Event Type > Workshop, Language > English · cost not stated — confirm and enter 0 only if free · DRAFT from libcal API — open the link and verify before using",verified_at | verified_by | cost_one_off_sgd | planning_area | beginner_friendly | join_alone_ok | guest_allowed,1,,,,
NLB-5971125,merged_nlb_draft,National Library Board,https://nlb.libcal.com/event/5971125,,Digital Cutting Machine Starter Session @ Tampines Library | MakeIT,National Library Board,Tampines Library - MakeIT (Level 4),,,2026-09-26T15:00,,0 | 0,13 | 17,artistic|explorative,"campus: Tampines Library · categories: Areas of Interest > Technology, Event Type > Workshop, Language > English · cost not stated — confirm and enter 0 only if free · DRAFT from libcal API — open the link and verify before using",verified_at | verified_by | cost_one_off_sgd | planning_area | beginner_friendly | join_alone_ok | guest_allowed,1,,,,
NLB-5971126,merged_nlb_draft,National Library Board,https://nlb.libcal.com/event/5971126,,3D Starter Session @ Woodlands Library | MakeIT,National Library Board,Woodlands Library - MakeIT (Level 3),,,2026-09-26T15:00,,0 | 0,13 | 17,artistic|explorative,"campus: Woodlands Library · categories: Areas of Interest > Technology, Event Type > Workshop, Language > English · cost not stated — confirm and enter 0 only if free · DRAFT from libcal API — open the link and verify before using",verified_at | verified_by | cost_one_off_sgd | planning_area | beginner_friendly | join_alone_ok | guest_allowed,1,,,,
NLB-5971127,merged_nlb_draft,National Library Board,https://nlb.libcal.com/event/5971127,,3D Starter Session @ Woodlands Library | MakeIT,National Library Board,Woodlands Library - MakeIT (Level 3),,,2026-09-28T15:00,,0 | 0,13 | 17,artistic|explorative,"campus: Woodlands Library · categories: Areas of Interest > Technology, Event Type > Workshop, Language > English · cost not stated — confirm and enter 0 only if free · DRAFT from libcal API — open the link and verify before using",verified_at | verified_by | cost_one_off_sgd | planning_area | beginner_friendly | join_alone_ok | guest_allowed,1,,,,
NLB-5971128,merged_nlb_draft,National Library Board,https://nlb.libcal.com/event/5971128,,MakeIT with BOSON Starter Session @ Jurong Library | MakeIT,National Library Board,Jurong Library - MakeIT (Level 2),,,2026-09-27T15:00,,0 | 0,13 | 17,artistic|explorative,"campus: Jurong Library · categories: Areas of Interest > Technology, Event Type > Workshop, Language > English · cost not stated — confirm and enter 0 only if free · DRAFT from libcal API — open the link and verify before using",verified_at | verified_by | cost_one_off_sgd | planning_area | beginner_friendly | join_alone_ok | guest_allowed,1,,,,
NLB-5971129,merged_nlb_draft,National Library Board,https://nlb.libcal.com/event/5971129,,Laser Cutting Starter Session @ Tampines Library | MakeIT,National Library Board,Tampines Library - MakeIT (Level 4),,,2026-09-27T15:00,,0 | 0,13 | 17,artistic|explorative,"campus: Tampines Library · categories: Areas of Interest > Technology, Event Type > Workshop, Language > English · cost not stated — confirm and enter 0 only if free · DRAFT from libcal API — open the link and verify before using",verified_at | verified_by | cost_one_off_sgd | planning_area | beginner_friendly | join_alone_ok | guest_allowed,1,,,,
NLB-5971131,merged_nlb_draft,National Library Board,https://nlb.libcal.com/event/5971131,,Ideate to Make IT @ Woodlands Library | MakeIT,National Library Board,Woodlands Library - MakeIT (Level 3),,,2026-09-13T15:00,,0 | 0,13 | 17,explorative,"campus: Woodlands Library · categories: Areas of Interest > Technology, Event Type > Workshop, Language > English · cost not stated — confirm and enter 0 only if free · DRAFT from libcal API — open the link and verify before using",verified_at | verified_by | cost_one_off_sgd | planning_area | beginner_friendly | join_alone_ok | guest_allowed,1,,,,
NLB-5971203,merged_nlb_draft,National Library Board,https://nlb.libcal.com/event/5971203,,Tinkering Book Club with Hwa Chong Institution Library Council | Jurong Library,National Library Board,Jurong Library - MakeIT (Level 2),,,2026-09-05T15:00,,0 | 0,13 | 17,chill,"campus: Jurong Library · categories: Areas of Interest > Reading, Event Type > Workshop, Language > English · cost not stated — confirm and enter 0 only if free · DRAFT from libcal API — open the link and verify before using",verified_at | verified_by | cost_one_off_sgd | planning_area | beginner_friendly | join_alone_ok | guest_allowed,1,,,,
NLB-5971277,merged_nlb_draft,National Library Board,https://nlb.libcal.com/event/5971277,,Career Panel: Science & Research,National Library Board,"National Library Building - Launch, Programme Room (Level 7)",,,2026-09-19T14:00,,0 | 0,13 | 17,explorative,"campus: National Library Building · categories: Areas of Interest > Career, Event Type > Talk, Language > English · cost not stated — confirm and enter 0 only if free · DRAFT from libcal API — open the link and verify before using",verified_at | verified_by | cost_one_off_sgd | planning_area | beginner_friendly | join_alone_ok | guest_allowed,1,,,,
NLB-5971278,merged_nlb_draft,National Library Board,https://nlb.libcal.com/event/5971278,,Career Panel: Engineering & Robotics,National Library Board,Harbourfront Library - Programme Zone 2 (Level 3),,,2026-10-17T14:00,,0 | 0,13 | 17,explorative,"campus: Harbourfront Library · categories: Areas of Interest > Career, Event Type > Talk, Language > English · cost not stated — confirm and enter 0 only if free · DRAFT from libcal API — open the link and verify before using",verified_at | verified_by | cost_one_off_sgd | planning_area | beginner_friendly | join_alone_ok | guest_allowed,1,,,,
NLB-5971333,merged_nlb_draft,National Library Board,https://nlb.libcal.com/event/5971333,,MOLLY Weekend Outreach @ Woodleigh Link,National Library Board,Others,,,2026-09-26T13:30,,0 | 0,13 | 17,chill,"campus: Others · categories: Areas of Interest > Accessible, Areas of Interest > Reading, Event Type > Experiential Event, Language > English · cost not stated — confirm and enter 0 only if free · DRAFT from libcal API — open the link and verify before using",verified_at | verified_by | cost_one_off_sgd | planning_area | beginner_friendly | join_alone_ok | guest_allowed,1,,,,
NLB-5971424,merged_nlb_draft,National Library Board,https://nlb.libcal.com/event/5971424,,PUBLIC TOUR | THE ALBATROSS FILE,National Library Board,National Library Building - Gallery (Level 10),,,2026-09-10T14:05,,0 | 0,13 | 17,explorative,"campus: National Library Building · categories: Areas of Interest > Singapore, Event Type > Tour, Language > English · cost not stated — confirm and enter 0 only if free · DRAFT from libcal API — open the link and verify before using",verified_at | verified_by | cost_one_off_sgd | planning_area | beginner_friendly | join_alone_ok | guest_allowed,1,,,,
NLB-5971425,merged_nlb_draft,National Library Board,https://nlb.libcal.com/event/5971425,,PUBLIC TOUR | THE ALBATROSS FILE,National Library Board,National Library Building - Gallery (Level 10),,,2026-09-12T11:10,,0 | 0,13 | 17,explorative,"campus: National Library Building · categories: Areas of Interest > Singapore, Event Type > Tour, Language > English · cost not stated — confirm and enter 0 only if free · DRAFT from libcal API — open the link and verify before using",verified_at | verified_by | cost_one_off_sgd | planning_area | beginner_friendly | join_alone_ok | guest_allowed,1,,,,
NLB-5971427,merged_nlb_draft,National Library Board,https://nlb.libcal.com/event/5971427,,PUBLIC TOUR | THE ALBATROSS FILE,National Library Board,National Library Building - Gallery (Level 10),,,2026-09-26T11:10,,0 | 0,13 | 17,explorative,"campus: National Library Building · categories: Areas of Interest > Singapore, Event Type > Tour, Language > English · cost not stated — confirm and enter 0 only if free · DRAFT from libcal API — open the link and verify before using",verified_at | verified_by | cost_one_off_sgd | planning_area | beginner_friendly | join_alone_ok | guest_allowed,1,,,,
NLB-5971428,merged_nlb_draft,National Library Board,https://nlb.libcal.com/event/5971428,,PUBLIC TOUR | THE ALBATROSS FILE (IN CHINESE),National Library Board,National Library Building - Gallery (Level 10),,,2026-09-13T11:10,,0 | 0,13 | 17,explorative,"campus: National Library Building · categories: Areas of Interest > Singapore, Event Type > Tour, Language > Chinese · cost not stated — confirm and enter 0 only if free · DRAFT from libcal API — open the link and verify before using",verified_at | verified_by | cost_one_off_sgd | planning_area | beginner_friendly | join_alone_ok | guest_allowed,1,,,,
NLB-5971429,merged_nlb_draft,National Library Board,https://nlb.libcal.com/event/5971429,,PUBLIC TOUR | THE ALBATROSS FILE (IN CHINESE),National Library Board,National Library Building - Gallery (Level 10),,,2026-09-27T11:10,,0 | 0,13 | 17,explorative,"campus: National Library Building · categories: Areas of Interest > Singapore, Event Type > Tour, Language > Chinese · cost not stated — confirm and enter 0 only if free · DRAFT from libcal API — open the link and verify before using",verified_at | verified_by | cost_one_off_sgd | planning_area | beginner_friendly | join_alone_ok | guest_allowed,1,,,,
NLB-5971444,merged_nlb_draft,National Library Board,https://nlb.libcal.com/event/5971444,,Access Bazaar,National Library Board,Punggol Library - Atrium (Level 1),,,2026-09-06T10:00,,0 | 0,13 | 17,artistic,"campus: Punggol Library · categories: Areas of Interest > Accessible, Areas of Interest > Art & Creativity, Event Type > Others, Language > English · cost not stated — confirm and enter 0 only if free · DRAFT from libcal API — open the link and verify before using",verified_at | verified_by | cost_one_off_sgd | planning_area | beginner_friendly | join_alone_ok | guest_allowed,1,,,,
NLB-5971645,merged_nlb_draft,National Library Board,https://nlb.libcal.com/event/5971645,,Cut Videos That Click @ Punggol Library | MakeIT,National Library Board,Punggol Library - MakeIT (Level 4),,,2026-09-04T17:30,,0 | 0,13 | 17,explorative,"campus: Punggol Library · categories: Areas of Interest > Technology, Event Type > Workshop, Language > English · cost not stated — confirm and enter 0 only if free · DRAFT from libcal API — open the link and verify before using",verified_at | verified_by | cost_one_off_sgd | planning_area | beginner_friendly | join_alone_ok | guest_allowed,1,,,,
NLB-5971646,merged_nlb_draft,National Library Board,https://nlb.libcal.com/event/5971646,,Shape Videos That Stick @ Punggol Library | MakeIT,National Library Board,Punggol Library - MakeIT (Level 4),,,2026-09-06T15:00,,0 | 0,13 | 17,explorative,"campus: Punggol Library · categories: Areas of Interest > Technology, Event Type > Workshop, Language > English · cost not stated — confirm and enter 0 only if free · DRAFT from libcal API — open the link and verify before using",verified_at | verified_by | cost_one_off_sgd | planning_area | beginner_friendly | join_alone_ok | guest_allowed,1,,,,
NLB-5971657,merged_nlb_draft,National Library Board,https://nlb.libcal.com/event/5971657,,Cut Videos That Click @ Woodlands Library | MakeIT,National Library Board,Woodlands Library - MakeIT (Level 3),,,2026-09-12T15:00,,0 | 0,13 | 17,explorative,"campus: Woodlands Library · categories: Areas of Interest > Technology, Event Type > Workshop, Language > English · cost not stated — confirm and enter 0 only if free · DRAFT from libcal API — open the link and verify before using",verified_at | verified_by | cost_one_off_sgd | planning_area | beginner_friendly | join_alone_ok | guest_allowed,1,,,,
NLB-5971658,merged_nlb_draft,National Library Board,https://nlb.libcal.com/event/5971658,,Shape Videos That Stick @ Woodlands Library | MakeIT,National Library Board,Woodlands Library - MakeIT (Level 3),,,2026-09-10T17:30,,0 | 0,13 | 17,explorative,"campus: Woodlands Library · categories: Areas of Interest > Technology, Event Type > Workshop, Language > English · cost not stated — confirm and enter 0 only if free · DRAFT from libcal API — open the link and verify before using",verified_at | verified_by | cost_one_off_sgd | planning_area | beginner_friendly | join_alone_ok | guest_allowed,1,,,,
NLB-5971674,merged_nlb_draft,National Library Board,https://nlb.libcal.com/event/5971674,,Lee Studio Presents TSS Vocal Gala | When Dreams Take Flight,National Library Board,CAL - National Library Building - Lobby (Level 1),,,2026-09-11T19:00,,0 | 0,13 | 17,artistic,"campus: Central Arts Library · categories: Areas of Interest > Art & Creativity, Event Type > Performance, Language > English · cost not stated — confirm and enter 0 only if free · DRAFT from libcal API — open the link and verify before using",verified_at | verified_by | cost_one_off_sgd | planning_area | beginner_friendly | join_alone_ok | guest_allowed,1,,,,
NLB-5971688,merged_nlb_draft,National Library Board,https://nlb.libcal.com/event/5971688,,Cut Videos That Click @ Woodlands Library | MakeIT,National Library Board,Woodlands Library - MakeIT (Level 3),,,2026-09-17T17:30,,0 | 0,13 | 17,explorative,"campus: Woodlands Library · categories: Areas of Interest > Technology, Event Type > Workshop, Language > English · cost not stated — confirm and enter 0 only if free · DRAFT from libcal API — open the link and verify before using",verified_at | verified_by | cost_one_off_sgd | planning_area | beginner_friendly | join_alone_ok | guest_allowed,1,,,,
NLB-5971690,merged_nlb_draft,National Library Board,https://nlb.libcal.com/event/5971690,,Cut Videos That Click @ Punggol Library | MakeIT,National Library Board,Punggol Library - MakeIT (Level 4),,,2026-09-27T15:00,,0 | 0,13 | 17,explorative,"campus: Punggol Library · categories: Areas of Interest > Technology, Event Type > Workshop, Language > English · cost not stated — confirm and enter 0 only if free · DRAFT from libcal API — open the link and verify before using",verified_at | verified_by | cost_one_off_sgd | planning_area | beginner_friendly | join_alone_ok | guest_allowed,1,,,,
NLB-5971693,merged_nlb_draft,National Library Board,https://nlb.libcal.com/event/5971693,,Shape Videos That Stick @ Woodlands Library | MakeIT,National Library Board,Woodlands Library - MakeIT (Level 3),,,2026-09-19T15:00,,0 | 0,13 | 17,explorative,"campus: Woodlands Library · categories: Areas of Interest > Technology, Event Type > Workshop, Language > English · cost not stated — confirm and enter 0 only if free · DRAFT from libcal API — open the link and verify before using",verified_at | verified_by | cost_one_off_sgd | planning_area | beginner_friendly | join_alone_ok | guest_allowed,1,,,,
NLB-5971694,merged_nlb_draft,National Library Board,https://nlb.libcal.com/event/5971694,,Shape Videos That Stick @ Punggol Library | MakeIT,National Library Board,Punggol Library - MakeIT (Level 4),,,2026-09-25T17:30,,0 | 0,13 | 17,explorative,"campus: Punggol Library · categories: Areas of Interest > Technology, Event Type > Workshop, Language > English · cost not stated — confirm and enter 0 only if free · DRAFT from libcal API — open the link and verify before using",verified_at | verified_by | cost_one_off_sgd | planning_area | beginner_friendly | join_alone_ok | guest_allowed,1,,,,
NLB-5971769,merged_nlb_draft,National Library Board,https://nlb.libcal.com/event/5971769,,Puzzle It Out! A Jigsaw Puzzle Pop-Up | Jurong West Library,National Library Board,Jurong West Library,,,2026-09-01T10:00,,0 | 0,13 | 17,chill,"campus: Jurong West Library · categories: Areas of Interest > Reading, Event Type > Experiential Event, Language > English · cost not stated — confirm and enter 0 only if free · DRAFT from libcal API — open the link and verify before using",verified_at | verified_by | cost_one_off_sgd | planning_area | beginner_friendly | join_alone_ok | guest_allowed,1,,,,
NLB-5971772,merged_nlb_draft,National Library Board,https://nlb.libcal.com/event/5971772,,"[LOLA 2026] Our Singapore, Our Stories Pop-up booth",National Library Board,National Library Building - Lobby (Level 1),,,2026-09-06T11:00,,0 | 0,13 | 17,explorative,"campus: National Library Building · categories: Areas of Interest > Singapore, Event Type > Exhibition, Language > English · cost not stated — confirm and enter 0 only if free · DRAFT from libcal API — open the link and verify before using",verified_at | verified_by | cost_one_off_sgd | planning_area | beginner_friendly | join_alone_ok | guest_allowed,1,,,,
NLB-5971829,merged_nlb_draft,National Library Board,https://nlb.libcal.com/event/5971829,,Puzzle It Out! A Jigsaw Puzzle Pop-Up | Jurong West Library,National Library Board,Jurong West Library,,,2026-10-01T10:00,,0 | 0,13 | 17,chill,"campus: Jurong West Library · categories: Areas of Interest > Reading, Event Type > Experiential Event, Language > English · cost not stated — confirm and enter 0 only if free · DRAFT from libcal API — open the link and verify before using",verified_at | verified_by | cost_one_off_sgd | planning_area | beginner_friendly | join_alone_ok | guest_allowed,1,,,,
NLB-5971942,merged_nlb_draft,National Library Board,https://nlb.libcal.com/event/5971942,,[LOLA 2026] Uku Strummers Performance - Jurong Library,National Library Board,Jurong Library - Programme Zone (Level 1),,,2026-09-06T13:00,,0 | 0,13 | 17,explorative,"campus: Jurong Library · categories: Areas of Interest > Others, Event Type > Performance, Language > Others · cost not stated — confirm and enter 0 only if free · DRAFT from libcal API — open the link and verify before using",verified_at | verified_by | cost_one_off_sgd | planning_area | beginner_friendly | join_alone_ok | guest_allowed,1,,,,
NLB-5971944,merged_nlb_draft,National Library Board,https://nlb.libcal.com/event/5971944,,[LOLA 2026] Speed Book Swap (Community Bookworm Programme) - Jurong Library,National Library Board,Jurong Library - Programme Zone (Level 1),,,2026-09-06T14:30,,0 | 0,13 | 17,chill,"campus: Jurong Library · categories: Areas of Interest > Reading, Event Type > Experiential Event, Language > English · cost not stated — confirm and enter 0 only if free · DRAFT from libcal API — open the link and verify before using",verified_at | verified_by | cost_one_off_sgd | planning_area | beginner_friendly | join_alone_ok | guest_allowed,1,,,,
NLB-5971976,merged_nlb_draft,National Library Board,https://nlb.libcal.com/event/5971976,,Fungal solutions: exploring the potential of fungi for oil pollution cleanup | Down to Earth,National Library Board,,,,2026-09-25T19:00,,0 | 0,13 | 17,artistic,"campus: ? · categories: Areas of Interest > Sustainability, Event Type > Talk, Language > English · cost not stated — confirm and enter 0 only if free · DRAFT from libcal API — open the link and verify before using",verified_at | verified_by | cost_one_off_sgd | planning_area | beginner_friendly | join_alone_ok | guest_allowed,1,,,,
NLB-5972115,merged_nlb_draft,National Library Board,https://nlb.libcal.com/event/5972115,,Pre-concert | LAND with NO SUN IV: EOS by TO Ensemble,National Library Board,CAL - National Library Building - Lobby (Level 1),,,2026-09-05T16:00,,0 | 0,13 | 17,artistic,"campus: Central Arts Library · categories: Areas of Interest > Art & Creativity, Event Type > Performance, Language > English · cost not stated — confirm and enter 0 only if free · DRAFT from libcal API — open the link and verify before using",verified_at | verified_by | cost_one_off_sgd | planning_area | beginner_friendly | join_alone_ok | guest_allowed,1,,,,
NLB-5972189,merged_nlb_draft,National Library Board,https://nlb.libcal.com/event/5972189,,Puzzle It Out! A Jigsaw Puzzle Pop-Up | Choa Chu Kang Library,National Library Board,Choa Chu Kang Library,,,2026-10-01T11:00,,0 | 0,13 | 17,chill,"campus: Choa Chu Kang Library · categories: Areas of Interest > Reading, Event Type > Experiential Event, Language > English · cost not stated — confirm and enter 0 only if free · DRAFT from libcal API — open the link and verify before using",verified_at | verified_by | cost_one_off_sgd | planning_area | beginner_friendly | join_alone_ok | guest_allowed,1,,,,
NLB-5972198,merged_nlb_draft,National Library Board,https://nlb.libcal.com/event/5972198,,Puzzle It Out! A Jigsaw Puzzle Pop-Up | Choa Chu Kang Library,National Library Board,Choa Chu Kang Library,,,2026-09-01T11:00,,0 | 0,13 | 17,chill,"campus: Choa Chu Kang Library · categories: Areas of Interest > Reading, Event Type > Experiential Event, Language > English · cost not stated — confirm and enter 0 only if free · DRAFT from libcal API — open the link and verify before using",verified_at | verified_by | cost_one_off_sgd | planning_area | beginner_friendly | join_alone_ok | guest_allowed,1,,,,
NLB-5972258,merged_nlb_draft,National Library Board,https://nlb.libcal.com/event/5972258,,"[LOLA 2026] Read Together, Grow Together",National Library Board,Punggol Library - Teenspace (Level 3),,,2026-09-19T13:00,,0 | 0,13 | 17,chill,"campus: Punggol Library · categories: Areas of Interest > Reading, Event Type > Talk, Language > English · cost not stated — confirm and enter 0 only if free · DRAFT from libcal API — open the link and verify before using",verified_at | verified_by | cost_one_off_sgd | planning_area | beginner_friendly | join_alone_ok | guest_allowed,1,,,,
NLB-5972305,merged_nlb_draft,National Library Board,https://nlb.libcal.com/event/5972305,,"Amazon Think Big Program Workshop Series - Bot Builders: Design, Build, and Compete!",National Library Board,Jurong Library - MakeIT (Level 2),,,2026-09-12T15:30,,0 | 0,13 | 17,explorative,"campus: Jurong Library · categories: Areas of Interest > Technology, Event Type > Workshop, Language > English · cost not stated — confirm and enter 0 only if free · DRAFT from libcal API — open the link and verify before using",verified_at | verified_by | cost_one_off_sgd | planning_area | beginner_friendly | join_alone_ok | guest_allowed,1,,,,
NLB-5972308,merged_nlb_draft,National Library Board,https://nlb.libcal.com/event/5972308,,Amazon Think Big Program Workshop Series - AI Lab: Build Your Own Adventure Story,National Library Board,Jurong Library - MakeIT (Level 2),,,2026-09-26T13:00,,0 | 0,13 | 17,explorative,"campus: Jurong Library · categories: Areas of Interest > Technology, Event Type > Workshop, Language > English · cost not stated — confirm and enter 0 only if free · DRAFT from libcal API — open the link and verify before using",verified_at | verified_by | cost_one_off_sgd | planning_area | beginner_friendly | join_alone_ok | guest_allowed,1,,,,
NLB-5972310,merged_nlb_draft,National Library Board,https://nlb.libcal.com/event/5972310,,Amazon Think Big Program Workshop Series - Build a Disaster Relief Robot,National Library Board,Jurong Library - MakeIT (Level 2),,,2026-09-26T15:30,,0 | 0,13 | 17,explorative,"campus: Jurong Library · categories: Areas of Interest > Technology, Event Type > Workshop, Language > English · cost not stated — confirm and enter 0 only if free · DRAFT from libcal API — open the link and verify before using",verified_at | verified_by | cost_one_off_sgd | planning_area | beginner_friendly | join_alone_ok | guest_allowed,1,,,,
NLB-5972347,merged_nlb_draft,National Library Board,https://nlb.libcal.com/event/5972347,,Sing A Cappella | A Cappella Society,National Library Board,CAL - National Library Building - Lobby (Level 1),,,2026-09-06T13:30,,0 | 0,13 | 17,artistic,"campus: Central Arts Library · categories: Areas of Interest > Art & Creativity, Event Type > Workshop, Language > English · cost not stated — confirm and enter 0 only if free · DRAFT from libcal API — open the link and verify before using",verified_at | verified_by | cost_one_off_sgd | planning_area | beginner_friendly | join_alone_ok | guest_allowed,1,,,,
NLB-5972352,merged_nlb_draft,National Library Board,https://nlb.libcal.com/event/5972352,,Sing Pop A Cappella | TAS Youth & Pop Kids,National Library Board,CAL - National Library Building - Lobby (Level 1),,,2026-09-27T13:30,,0 | 0,13 | 17,artistic,"campus: Central Arts Library · categories: Areas of Interest > Art & Creativity, Event Type > Workshop, Language > English · cost not stated — confirm and enter 0 only if free · DRAFT from libcal API — open the link and verify before using",verified_at | verified_by | cost_one_off_sgd | planning_area | beginner_friendly | join_alone_ok | guest_allowed,1,,,,
NLB-5972390,merged_nlb_draft,National Library Board,https://nlb.libcal.com/event/5972390,,World Animal Day 2026: Parrots Learn and Play Like Us Too!,National Library Board,Central Library at the National Library Building - The Submarine (Basement 1),,,2026-09-13T14:00,,0 | 0,13 | 17,explorative,"campus: Central Library · categories: Areas of Interest > Sustainability, Event Type > Others, Language > English · cost not stated — confirm and enter 0 only if free · DRAFT from libcal API — open the link and verify before using",verified_at | verified_by | cost_one_off_sgd | planning_area | beginner_friendly | join_alone_ok | guest_allowed,1,,,,
NLB-5972393,merged_nlb_draft,National Library Board,https://nlb.libcal.com/event/5972393,,World Animal Day 2026 Programme: Film Screening of HOMEBOUND,National Library Board,Central Library at the National Library Building - Programme Room 1 & 2 (Basement 1),,,2026-09-19T17:00,,0 | 0,13 | 17,explorative,"campus: Central Library · categories: Areas of Interest > Sustainability, Event Type > Others, Language > English · cost not stated — confirm and enter 0 only if free · DRAFT from libcal API — open the link and verify before using",verified_at | verified_by | cost_one_off_sgd | planning_area | beginner_friendly | join_alone_ok | guest_allowed,1,,,,
NLB-5972405,merged_nlb_draft,National Library Board,https://nlb.libcal.com/event/5972405,,Board Games B.F.F.,National Library Board,Punggol Library - Programme Room (Level 5),,,2026-09-07T14:00,,0 | 0,13 | 17,explorative,"campus: Punggol Library · categories: Areas of Interest > Accessible, Event Type > Others, Language > English · cost not stated — confirm and enter 0 only if free · DRAFT from libcal API — open the link and verify before using",verified_at | verified_by | cost_one_off_sgd | planning_area | beginner_friendly | join_alone_ok | guest_allowed,1,,,,
NLB-5972406,merged_nlb_draft,National Library Board,https://nlb.libcal.com/event/5972406,,Board Games B.F.F.,National Library Board,Punggol Library - Programme Room (Level 5),,,2026-09-14T14:00,,0 | 0,13 | 17,explorative,"campus: Punggol Library · categories: Areas of Interest > Accessible, Event Type > Others, Language > English · cost not stated — confirm and enter 0 only if free · DRAFT from libcal API — open the link and verify before using",verified_at | verified_by | cost_one_off_sgd | planning_area | beginner_friendly | join_alone_ok | guest_allowed,1,,,,
NLB-5972407,merged_nlb_draft,National Library Board,https://nlb.libcal.com/event/5972407,,Board Games B.F.F.,National Library Board,Punggol Library - Programme Room (Level 5),,,2026-09-21T14:00,,0 | 0,13 | 17,explorative,"campus: Punggol Library · categories: Areas of Interest > Accessible, Event Type > Others, Language > English · cost not stated — confirm and enter 0 only if free · DRAFT from libcal API — open the link and verify before using",verified_at | verified_by | cost_one_off_sgd | planning_area | beginner_friendly | join_alone_ok | guest_allowed,1,,,,
NLB-5972408,merged_nlb_draft,National Library Board,https://nlb.libcal.com/event/5972408,,Board Games B.F.F.,National Library Board,Punggol Library - Programme Room (Level 5),,,2026-09-28T14:00,,0 | 0,13 | 17,explorative,"campus: Punggol Library · categories: Areas of Interest > Accessible, Event Type > Others, Language > English · cost not stated — confirm and enter 0 only if free · DRAFT from libcal API — open the link and verify before using",verified_at | verified_by | cost_one_off_sgd | planning_area | beginner_friendly | join_alone_ok | guest_allowed,1,,,,
NLB-5972409,merged_nlb_draft,National Library Board,https://nlb.libcal.com/event/5972409,,SDO Digital Literacy,National Library Board,Punggol Library - Meeting Room (Level 3),,,2026-09-08T10:00,,0 | 0,13 | 17,explorative,"campus: Punggol Library · categories: Areas of Interest > Accessible, Event Type > Workshop, Language > English · cost not stated — confirm and enter 0 only if free · DRAFT from libcal API — open the link and verify before using",verified_at | verified_by | cost_one_off_sgd | planning_area | beginner_friendly | join_alone_ok | guest_allowed,1,,,,
NLB-5972410,merged_nlb_draft,National Library Board,https://nlb.libcal.com/event/5972410,,SDO Digital Literacy,National Library Board,Punggol Library - Programme Room (Level 5),,,2026-09-15T10:00,,0 | 0,13 | 17,explorative,"campus: Punggol Library · categories: Areas of Interest > Accessible, Event Type > Workshop, Language > English · cost not stated — confirm and enter 0 only if free · DRAFT from libcal API — open the link and verify before using",verified_at | verified_by | cost_one_off_sgd | planning_area | beginner_friendly | join_alone_ok | guest_allowed,1,,,,
NLB-5972412,merged_nlb_draft,National Library Board,https://nlb.libcal.com/event/5972412,,Can aI Help You? Discover GenAI with Good Help Mart @ Woodlands Library,National Library Board,Woodlands Library,,,2026-09-01T10:00,,0 | 0,13 | 17,artistic|explorative,"campus: Woodlands Library · categories: Areas of Interest > Technology, Event Type > Exhibition, Language > English · cost not stated — confirm and enter 0 only if free · DRAFT from libcal API — open the link and verify before using",verified_at | verified_by | cost_one_off_sgd | planning_area | beginner_friendly | join_alone_ok | guest_allowed,1,,,,
NLB-5972413,merged_nlb_draft,National Library Board,https://nlb.libcal.com/event/5972413,,Can aI Help You? Discover GenAI with Good Help Mart @ Toa Payoh Library,National Library Board,Toa Payoh Library,,,2026-09-01T10:00,,0 | 0,13 | 17,artistic|explorative,"campus: Toa Payoh Library · categories: Areas of Interest > Technology, Event Type > Exhibition, Language > English · cost not stated — confirm and enter 0 only if free · DRAFT from libcal API — open the link and verify before using",verified_at | verified_by | cost_one_off_sgd | planning_area | beginner_friendly | join_alone_ok | guest_allowed,1,,,,
FTP-ai-tong-primary-school-field,merged_activesg_draft,Sport Singapore (ActiveSG),https://www.activesgcircle.gov.sg/facilities/ai-tong-primary-school-field,,Ai Tong School Field,Sport Singapore (ActiveSG),Ai Tong School Field,579646,,,Sat: 3pm - 7pm; Sun: 9am - 7pm,0 | 0 | 0,,sporty,zone: Northeast · 100 Bright Hill Drive Singapore 579646 · age not stated on page — decide and fill · DRAFT from activesgcircle free-to-play — verify before using,verified_at | verified_by | planning_area | age_min | age_max | beginner_friendly | join_alone_ok | guest_allowed,-2,,,,
FTP-bendemeer-primary-school-field,merged_activesg_draft,Sport Singapore (ActiveSG),https://www.activesgcircle.gov.sg/facilities/bendemeer-primary-school-field,,Bendemeer Primary School Field,Sport Singapore (ActiveSG),Bendemeer Primary School Field,339948,,,Sat: 3pm - 7pm; Sun: 9am - 7pm,0 | 0 | 0,,sporty,zone: Central · 91 Bendemeer Road Singapore 339948 · age not stated on page — decide and fill · DRAFT from activesgcircle free-to-play — verify before using,verified_at | verified_by | planning_area | age_min | age_max | beginner_friendly | join_alone_ok | guest_allowed,-2,,,,
FTP-blangah-rise-primary-school-field,merged_activesg_draft,Sport Singapore (ActiveSG),https://www.activesgcircle.gov.sg/facilities/blangah-rise-primary-school-field,,Blangah Rise Primary School Field,Sport Singapore (ActiveSG),Blangah Rise Primary School Field,109100,,,Sat: 3pm - 7pm; Sun: 9am - 7pm,0 | 0 | 0,,sporty,zone: Central · 91 Telok Blangah Heights Singapore 109100 · age not stated on page — decide and fill · DRAFT from activesgcircle free-to-play — verify before using,verified_at | verified_by | planning_area | age_min | age_max | beginner_friendly | join_alone_ok | guest_allowed,-2,,,,
FTP-bukit-panjang-primary-school-field,merged_activesg_draft,Sport Singapore (ActiveSG),https://www.activesgcircle.gov.sg/facilities/bukit-panjang-primary-school-field,,Bukit Panjang Primary School Field,Sport Singapore (ActiveSG),Bukit Panjang Primary School Field,679676,,,Sat: 3pm - 7pm; Sun: 9am - 7pm,0 | 0 | 0,,sporty,zone: West · 109 Cashew Road Singapore 679676 · age not stated on page — decide and fill · DRAFT from activesgcircle free-to-play — verify before using,verified_at | verified_by | planning_area | age_min | age_max | beginner_friendly | join_alone_ok | guest_allowed,-2,,,,
FTP-cantonment-primary-school-field,merged_activesg_draft,Sport Singapore (ActiveSG),https://www.activesgcircle.gov.sg/facilities/cantonment-primary-school-field,,Cantonment Primary School Field,Sport Singapore (ActiveSG),Cantonment Primary School Field,088256,,,Sat: 3pm - 7pm; Sun: 3pm - 7pm,0 | 0 | 0,,sporty,zone: Central · 1 Cantonment Close Singapore 088256 · age not stated on page — decide and fill · DRAFT from activesgcircle free-to-play — verify before using,verified_at | verified_by | planning_area | age_min | age_max | beginner_friendly | join_alone_ok | guest_allowed,-2,,,,
FTP-cedar-primary-school-field,merged_activesg_draft,Sport Singapore (ActiveSG),https://www.activesgcircle.gov.sg/facilities/cedar-primary-school-field,,Cedar Primary School Field,Sport Singapore (ActiveSG),Cedar Primary School Field,349700,,,Sat: 3pm - 7pm; Sun: 9am - 7pm,0 | 0 | 0,,sporty,zone: Central · 15 Cedar Avenue Singapore 349700 · age not stated on page — decide and fill · DRAFT from activesgcircle free-to-play — verify before using,verified_at | verified_by | planning_area | age_min | age_max | beginner_friendly | join_alone_ok | guest_allowed,-2,,,,
FTP-choa-chu-kang-primary-school-field,merged_activesg_draft,Sport Singapore (ActiveSG),https://www.activesgcircle.gov.sg/facilities/choa-chu-kang-primary-school-field,,Choa Chu Kang Primary School Field,Sport Singapore (ActiveSG),Choa Chu Kang Primary School Field,689905,,,Sat: 3pm - 7pm; Sun: 9am - 7pm,0 | 0 | 0,,sporty,zone: West · 20 Choa Chu Kang Ave 2 Singapore 689905 · age not stated on page — decide and fill · DRAFT from activesgcircle free-to-play — verify before using,verified_at | verified_by | planning_area | age_min | age_max | beginner_friendly | join_alone_ok | guest_allowed,-2,,,,
FTP-dazhong-primary-school-field,merged_activesg_draft,Sport Singapore (ActiveSG),https://www.activesgcircle.gov.sg/facilities/dazhong-primary-school-field,,Dazhong Primary School Field,Sport Singapore (ActiveSG),Dazhong Primary School Field,659441,,,Sat: 3pm - 7pm; Sun: 9am - 7pm,0 | 0 | 0,,sporty,zone: West · 35 Bukit Batok Street 31 Singapore 659441 · age not stated on page — decide and fill · DRAFT from activesgcircle free-to-play — verify before using,verified_at | verified_by | planning_area | age_min | age_max | beginner_friendly | join_alone_ok | guest_allowed,-2,,,,
FTP-farrer-park-primary-school-field,merged_activesg_draft,Sport Singapore (ActiveSG),https://www.activesgcircle.gov.sg/facilities/farrer-park-primary-school-field,,Farrer Park Primary School Field,Sport Singapore (ActiveSG),Farrer Park Primary School Field,217567,,,Sat: 3pm - 7pm; Sun: 9am - 7pm,0 | 0 | 0,,sporty,zone: Central · 2 Farrer Park Road Singapore 217567 · age not stated on page — decide and fill · DRAFT from activesgcircle free-to-play — verify before using,verified_at | verified_by | planning_area | age_min | age_max | beginner_friendly | join_alone_ok | guest_allowed,-2,,,,
FTP-fuhua-primary-school-field,merged_activesg_draft,Sport Singapore (ActiveSG),https://www.activesgcircle.gov.sg/facilities/fuhua-primary-school-field,,Fuhua Primary School Field,Sport Singapore (ActiveSG),Fuhua Primary School Field,609647,,,Sat: 3pm - 7pm; Sun: 9am - 7pm,0 | 0 | 0,,sporty,zone: West · 65 Jurong East Street 13 Singapore 609647 · age not stated on page — decide and fill · DRAFT from activesgcircle free-to-play — verify before using,verified_at | verified_by | planning_area | age_min | age_max | beginner_friendly | join_alone_ok | guest_allowed,-2,,,,
FTP-horizon-primary-school-field,merged_activesg_draft,Sport Singapore (ActiveSG),https://www.activesgcircle.gov.sg/facilities/horizon-primary-school-field,,Horizon Primary School Field,Sport Singapore (ActiveSG),Horizon Primary School Field,828819,,,Sat: 3pm - 7pm; Sun: 9am - 7pm,0 | 0 | 0,,sporty,zone: Northeast · 61 Edgedale Plains Singapore 828819 · age not stated on page — decide and fill · DRAFT from activesgcircle free-to-play — verify before using,verified_at | verified_by | planning_area | age_min | age_max | beginner_friendly | join_alone_ok | guest_allowed,-2,,,,
FTP-hougang-primary-school-field,merged_activesg_draft,Sport Singapore (ActiveSG),https://www.activesgcircle.gov.sg/facilities/hougang-primary-school-field,,Hougang Primary School Field,Sport Singapore (ActiveSG),Hougang Primary School Field,534238,,,Sat: 3pm - 7pm; Sun: 9am - 7pm,0 | 0 | 0,,sporty,zone: Northeast · 1 Hougang Street 93 Singapore 534238 · age not stated on page — decide and fill · DRAFT from activesgcircle free-to-play — verify before using,verified_at | verified_by | planning_area | age_min | age_max | beginner_friendly | join_alone_ok | guest_allowed,-2,,,,
FTP-keming-primary-school-field,merged_activesg_draft,Sport Singapore (ActiveSG),https://www.activesgcircle.gov.sg/facilities/keming-primary-school-field,,Keming Primary School Field,Sport Singapore (ActiveSG),Keming Primary School Field,659762,,,Sat: 3pm - 7pm; Sun: 9am - 7pm,0 | 0 | 0,,sporty,zone: West · 90 Bukit Batok East Avenue 6 Singapore 659762 · age not stated on page — decide and fill · DRAFT from activesgcircle free-to-play — verify before using,verified_at | verified_by | planning_area | age_min | age_max | beginner_friendly | join_alone_ok | guest_allowed,-2,,,,
FTP-lakeside-primary-school-field,merged_activesg_draft,Sport Singapore (ActiveSG),https://www.activesgcircle.gov.sg/facilities/lakeside-primary-school-field,,Lakeside Primary School Field,Sport Singapore (ActiveSG),Lakeside Primary School Field,618310,,,Sat: 3pm - 7pm; Sun: 9am - 7pm,0 | 0 | 0,,sporty,zone: West · 161 Corporation Walk Singapore 618310 · age not stated on page — decide and fill · DRAFT from activesgcircle free-to-play — verify before using,verified_at | verified_by | planning_area | age_min | age_max | beginner_friendly | join_alone_ok | guest_allowed,-2,,,,
FTP-nan-chiau-high-school-field,merged_activesg_draft,Sport Singapore (ActiveSG),https://www.activesgcircle.gov.sg/facilities/nan-chiau-high-school-field,,Nan Chiau High School Field,Sport Singapore (ActiveSG),Nan Chiau High School Field,545079,,,Sat: 3pm - 7pm; Sun: 9am - 7pm,0 | 0 | 0,,sporty,zone: Northeast · 20 Anchorvale Link Singapore 545079 · age not stated on page — decide and fill · DRAFT from activesgcircle free-to-play — verify before using,verified_at | verified_by | planning_area | age_min | age_max | beginner_friendly | join_alone_ok | guest_allowed,-2,,,,
FTP-northshore-primary-school-field,merged_activesg_draft,Sport Singapore (ActiveSG),https://www.activesgcircle.gov.sg/facilities/northshore-primary-school-field,,Northshore Primary School Field,Sport Singapore (ActiveSG),Northshore Primary School Field,828671,,,Sat: 3pm - 7pm; Sun: 9am - 7pm,0 | 0 | 0,,sporty,zone: Northeast · 30 Northshore Drive Singapore 828671 · age not stated on page — decide and fill · DRAFT from activesgcircle free-to-play — verify before using,verified_at | verified_by | planning_area | age_min | age_max | beginner_friendly | join_alone_ok | guest_allowed,-2,,,,
FTP-pei-tong-primary-school-field,merged_activesg_draft,Sport Singapore (ActiveSG),https://www.activesgcircle.gov.sg/facilities/pei-tong-primary-school-field,,Pei Tong Primary School Field,Sport Singapore (ActiveSG),Pei Tong Primary School Field,129857,,,Sat: 3pm - 7pm; Sun: 9am - 7pm,0 | 0 | 0,,sporty,zone: Central · 15 Clementi Avenue 5 Singapore 129857 · age not stated on page — decide and fill · DRAFT from activesgcircle free-to-play — verify before using,verified_at | verified_by | planning_area | age_min | age_max | beginner_friendly | join_alone_ok | guest_allowed,-2,,,,
FTP-punggol-cove-primary-school-field,merged_activesg_draft,Sport Singapore (ActiveSG),https://www.activesgcircle.gov.sg/facilities/punggol-cove-primary-school-field,,Punggol Cove Primary School Field,Sport Singapore (ActiveSG),Punggol Cove Primary School Field,828674,,,Sat: 3pm - 7pm; Sun: 9am - 7pm,0 | 0 | 0,,sporty,zone: Northeast · 52 Sumang Walk Singapore 828674 · age not stated on page — decide and fill · DRAFT from activesgcircle free-to-play — verify before using,verified_at | verified_by | planning_area | age_min | age_max | beginner_friendly | join_alone_ok | guest_allowed,-2,,,,
FTP-punggol-primary-school-field,merged_activesg_draft,Sport Singapore (ActiveSG),https://www.activesgcircle.gov.sg/facilities/punggol-primary-school-field,,Punggol Primary School Field,Sport Singapore (ActiveSG),Punggol Primary School Field,538787,,,Sat: 3pm - 7pm; Sun: 9am - 7pm,0 | 0 | 0,,sporty,zone: Northeast · 61 Hougang Avenue 8 Singapore 538787 · age not stated on page — decide and fill · DRAFT from activesgcircle free-to-play — verify before using,verified_at | verified_by | planning_area | age_min | age_max | beginner_friendly | join_alone_ok | guest_allowed,-2,,,,
FTP-punggol-view-primary-school-field,merged_activesg_draft,Sport Singapore (ActiveSG),https://www.activesgcircle.gov.sg/facilities/punggol-view-primary-school-field,,Punggol View Primary School Field,Sport Singapore (ActiveSG),Punggol View Primary School Field,828845,,,Sat: 3pm - 7pm; Sun: 9am - 7pm,0 | 0 | 0,,sporty,zone: Northeast · 9 Punggol Place Singapore 828845 · age not stated on page — decide and fill · DRAFT from activesgcircle free-to-play — verify before using,verified_at | verified_by | planning_area | age_min | age_max | beginner_friendly | join_alone_ok | guest_allowed,-2,,,,
FTP-queenstown-primary-school-fieldqueenstown-primary-school-field,merged_activesg_draft,Sport Singapore (ActiveSG),https://www.activesgcircle.gov.sg/facilities/queenstown-primary-school-fieldqueenstown-primary-school-field,,Queenstown Primary School Field,Sport Singapore (ActiveSG),Queenstown Primary School Field,149303,,,Sat: 3pm - 7pm,0 | 0 | 0,,sporty,zone: Central · 310 Margaret Drive Singapore 149303 · age not stated on page — decide and fill · DRAFT from activesgcircle free-to-play — verify before using,verified_at | verified_by | planning_area | age_min | age_max | beginner_friendly | join_alone_ok | guest_allowed,-2,,,,
FTP-radin-mas-primary-school-field,merged_activesg_draft,Sport Singapore (ActiveSG),https://www.activesgcircle.gov.sg/facilities/radin-mas-primary-school-field,,Radin Mas Primary School Field,Sport Singapore (ActiveSG),Radin Mas Primary School Field,099840,,,Sat: 3pm - 7pm; Sun: 9am - 7pm,0 | 0 | 0,,sporty,zone: Central · 1 Bukit Purmei Avenue Singapore 099840 · age not stated on page — decide and fill · DRAFT from activesgcircle free-to-play — verify before using,verified_at | verified_by | planning_area | age_min | age_max | beginner_friendly | join_alone_ok | guest_allowed,-2,,,,
FTP-river-valley-primary-school-field,merged_activesg_draft,Sport Singapore (ActiveSG),https://www.activesgcircle.gov.sg/facilities/river-valley-primary-school-field,,River Valley Primary School Field,Sport Singapore (ActiveSG),River Valley Primary School Field,237993,,,Sat: 3pm - 7pm; Sun: 9am - 7pm,0 | 0 | 0,,sporty,zone: Central · 2 River Valley Green Singapore 237993 · age not stated on page — decide and fill · DRAFT from activesgcircle free-to-play — verify before using,verified_at | verified_by | planning_area | age_min | age_max | beginner_friendly | join_alone_ok | guest_allowed,-2,,,,
FTP-seng-kang-primary-school-field,merged_activesg_draft,Sport Singapore (ActiveSG),https://www.activesgcircle.gov.sg/facilities/seng-kang-primary-school-field,,Seng Kang Primary School Field,Sport Singapore (ActiveSG),Seng Kang Primary School Field,545166,,,Sat: 3pm - 7pm; Sun: 9am - 7pm,0 | 0 | 0,,sporty,zone: Northeast · 21 Compassvale Walk Singapore 545166 · age not stated on page — decide and fill · DRAFT from activesgcircle free-to-play — verify before using,verified_at | verified_by | planning_area | age_min | age_max | beginner_friendly | join_alone_ok | guest_allowed,-2,,,,
FTP-south-view-primary-school-field,merged_activesg_draft,Sport Singapore (ActiveSG),https://www.activesgcircle.gov.sg/facilities/south-view-primary-school-field,,South View Primary School Field,Sport Singapore (ActiveSG),South View Primary School Field,689762,,,Sat: 3pm - 7pm; Sun: 9am - 7pm,0 | 0 | 0,,sporty,zone: West · 6 Choa Chu Kang Central Singapore 689762 · age not stated on page — decide and fill · DRAFT from activesgcircle free-to-play — verify before using,verified_at | verified_by | planning_area | age_min | age_max | beginner_friendly | join_alone_ok | guest_allowed,-2,,,,
FTP-waterway-primary-school-field,merged_activesg_draft,Sport Singapore (ActiveSG),https://www.activesgcircle.gov.sg/facilities/waterway-primary-school-field,,Waterway Primary School Field,Sport Singapore (ActiveSG),Waterway Primary School Field,828802,,,Sat: 3pm - 7pm; Sun: 9am - 7pm,0 | 0 | 0,,sporty,zone: Northeast · 70 Punggol Drive Singapore 828802 · age not stated on page — decide and fill · DRAFT from activesgcircle free-to-play — verify before using,verified_at | verified_by | planning_area | age_min | age_max | beginner_friendly | join_alone_ok | guest_allowed,-2,,,,
FTP-xingnan-primary-school-field,merged_activesg_draft,Sport Singapore (ActiveSG),https://www.activesgcircle.gov.sg/facilities/xingnan-primary-school-field,,Xingnan Primary School Field,Sport Singapore (ActiveSG),Xingnan Primary School Field,649036,,,Sat: 3pm - 7pm; Sun: 9am - 7pm,0 | 0 | 0,,sporty,zone: West · 5 Jurong West Street 91 Singapore 649036 · age not stated on page — decide and fill · DRAFT from activesgcircle free-to-play — verify before using,verified_at | verified_by | planning_area | age_min | age_max | beginner_friendly | join_alone_ok | guest_allowed,-2,,,,
FTP-yuhua-secondary-school-field,merged_activesg_draft,Sport Singapore (ActiveSG),https://www.activesgcircle.gov.sg/facilities/yuhua-secondary-school-field,,Yuhua Secondary School Field,Sport Singapore (ActiveSG),Yuhua Secondary School Field,649406,,,Sat: 3pm - 7pm,0 | 0 | 0,,sporty,zone: West · 35 Jurong West Street 41 Singapore 649406 · age not stated on page — decide and fill · DRAFT from activesgcircle free-to-play — verify before using,verified_at | verified_by | planning_area | age_min | age_max | beginner_friendly | join_alone_ok | guest_allowed,-2,,,,
